Adj_Close,Close,High,Low,Open,Volume,day_of_week,month,day,week_of_year,return,volatility,target
6.078579902648926,6.144999980926514,6.231750011444092,6.111249923706055,6.14424991607666,478576000.0,2,1,31,5,0.012689542382479102,0.018992129087723332,0
5.947511672973633,6.012499809265137,6.172500133514404,5.951499938964844,5.9629998207092285,519224000.0,3,2,1,5,-0.02156227373029207,0.015345288655563581,0
5.774897575378418,5.8379998207092285,5.949250221252441,5.779250144958496,5.925000190734863,718464000.0,4,2,2,5,-0.02902286804017984,0.01726532820986251,0
5.284754276275635,5.34250020980835,5.830749988555908,5.125,5.675000190734863,1165204000.0,0,2,5,6,-0.08487489313432062,0.02637880356989341,0
5.578543186187744,5.639500141143799,5.642499923706055,5.099999904632568,5.110000133514404,1114800000.0,1,2,6,6,0.055591936297949784,0.028418162493430675,0
5.658172607421875,5.71999979019165,5.8742499351501465,5.667500019073486,5.739500045776367,802932000.0,2,2,7,6,0.014274252510529273,0.02856449772412717,0
5.379221439361572,5.438000202178955,5.880499839782715,5.437749862670898,5.8470001220703125,1144000000.0,3,2,8,6,-0.04930062908328303,0.030717588614939808,0
5.739285945892334,5.802000045776367,5.972249984741211,5.438000202178955,5.956250190734863,1674604000.0,4,2,9,6,0.06693634241711877,0.03427067385753933,0
5.639132022857666,5.70074987411499,5.88700008392334,5.6257500648498535,5.883999824523926,1093172000.0,0,2,12,7,-0.017450908456142278,0.03452371845775861,0
5.752888202667236,5.8157501220703125,5.862500190734863,5.631249904632568,5.664000034332275,625524000.0,1,2,13,7,0.020172828223440575,0.03458071406263203,0
5.970263481140137,6.0355000495910645,6.0647501945495605,5.763750076293945,5.775000095367432,744988000.0,2,2,14,7,0.03778531107910199,0.035230764825723286,0
6.095890998840332,6.162499904632568,6.209249973297119,6.038000106811523,6.119750022888184,698900000.0,3,2,15,7,0.021042142986993806,0.03540196589737674,0
6.03010892868042,6.0960001945495605,6.25,6.086750030517578,6.135000228881836,637656000.0,4,2,16,7,-0.010791028172352224,0.03524961602040502,0
6.159693241119385,6.2270002365112305,6.296750068664551,6.114999771118164,6.118750095367432,686240000.0,1,2,20,8,0.02148950750998946,0.035381132197387186,0
5.972488880157471,6.037749767303467,6.29925012588501,6.033999919891357,6.292250156402588,892292000.0,2,2,21,8,-0.03039191617468029,0.03588766810055787,0
5.992037296295166,6.053750038146973,6.140749931335449,5.987500190734863,6.0682501792907715,534364000.0,3,2,22,8,0.0026500387495607125,0.03573260510469213,0
6.085572719573975,6.148250102996826,6.148250102996826,6.063000202178955,6.114250183105469,415300000.0,4,2,23,8,0.015610169606338653,0.03586334970953663,0
6.101658821105957,6.1645002365112305,6.19950008392334,6.101500034332275,6.195000171661377,469312000.0,0,2,26,9,0.0026430501756073976,0.03530037916084042,0
6.088789939880371,6.151500225067139,6.222750186920166,6.1282501220703125,6.137499809265137,455436000.0,1,2,27,9,-0.002108850830614739,0.035168375338516245,0
5.988326072692871,6.050000190734863,6.202499866485596,6.038249969482422,6.162499904632568,523116000.0,2,2,28,9,-0.01650004561792362,0.03516248521471171,0
5.746070384979248,5.80525016784668,6.102250099182129,5.703000068664551,6.047749996185303,1040120000.0,3,3,1,9,-0.04045454796232906,0.03618166098715994,0
5.853216648101807,5.91349983215332,5.920000076293945,5.546249866485596,5.696499824523926,913428000.0,4,3,2,9,0.018646856065945183,0.036167046148937815,0
5.831194877624512,5.891250133514404,5.931250095367432,5.73799991607666,5.862750053405762,620776000.0,0,3,5,10,-0.003762526299221025,0.03554331194766176,0
5.992284297943115,6.053999900817871,6.073500156402588,5.934000015258789,5.977499961853027,636808000.0,1,3,6,10,0.02762567597963783,0.02963927344622482,0
5.9843668937683105,6.046000003814697,6.098750114440918,5.948750019073486,5.949999809265137,581208000.0,2,3,7,10,-0.0013214233786315033,0.02733952752425312,0
5.968033790588379,6.0295000076293945,6.073750019073486,5.984749794006348,6.073750019073486,411912000.0,3,3,8,10,-0.0027290764430850656,0.0272622346525725,0
6.070725440979004,6.1332502365112305,6.146249771118164,6.06125020980835,6.077499866485596,505524000.0,4,3,9,10,0.017207103201021035,0.024460571486626146,0
6.180347442626953,6.24399995803833,6.324999809265137,6.166749954223633,6.175000190734863,605060000.0,0,3,12,11,0.018057264461150968,0.020146229444065866,0
6.12962007522583,6.192749977111816,6.362500190734863,6.151000022888184,6.28725004196167,619772000.0,1,3,13,11,-0.008207876564851002,0.019733147105772474,0
6.155107498168945,6.218500137329102,6.263750076293945,6.1554999351501465,6.236249923706055,505496000.0,2,3,14,11,0.0041581139739947925,0.01937830573099401,0
6.169955253601074,6.233500003814697,6.315499782562256,6.190999984741211,6.232250213623047,401952000.0,3,3,15,11,0.002412135748868671,0.017622183569049408,0
6.198163986206055,6.26200008392334,6.28125,6.211999893188477,6.25,399456000.0,4,3,16,11,0.004572083114013248,0.017049390315483793,0
5.96358060836792,6.025000095367432,6.233749866485596,5.925000190734863,6.204500198364258,713772000.0,0,3,19,12,-0.03784733078563296,0.018991969300331688,0
6.1758928298950195,6.239500045776367,6.278749942779541,6.0279998779296875,6.0279998779296875,554696000.0,1,3,20,12,0.03560165095663037,0.02007953765753613,0
6.15065336227417,6.214000225067139,6.300000190734863,6.1832499504089355,6.232999801635742,438688000.0,2,3,21,12,-0.004086837169989255,0.018783515184064233,0
5.984613418579102,6.046249866485596,6.197000026702881,6.008500099182129,6.150000095367432,551196000.0,3,3,22,12,-0.02699555077337168,0.019837151901135833,0
5.764878273010254,5.824250221252441,6.0625,5.813000202178955,6.059999942779541,735620000.0,4,3,23,12,-0.03671691546584932,0.021098109458144082,0
6.049692630767822,6.111999988555908,6.113249778747559,5.897500038146973,5.949999809265137,611424000.0,0,3,26,13,0.049405461024576214,0.02407768316492686,0
5.580524444580078,5.638000011444092,6.25,5.496250152587891,6.193749904632568,1409000000.0,1,3,27,13,-0.07755235242135683,0.02966242166090841,0
5.477338790893555,5.533750057220459,5.734749794006348,5.425000190734863,5.603250026702881,945904000.0,2,3,28,13,-0.018490591346581153,0.029710139013194314,0
5.730728626251221,5.789750099182129,5.887499809265137,5.517499923706055,5.602749824523926,916628000.0,3,3,29,13,0.04626158379300849,0.030432508734485015,0
5.469913959503174,5.526249885559082,5.866250038146973,5.4375,5.718500137329102,922092000.0,0,4,2,14,-0.04551150034269513,0.03175101266195489,0
5.576318264007568,5.633749961853027,5.758749961853027,5.533750057220459,5.695000171661377,667432000.0,1,4,3,14,0.01945262673967374,0.03213964144215368,0
5.598343372344971,5.656000137329102,5.666500091552734,5.349999904632568,5.375249862670898,789168000.0,2,4,4,14,0.003949443199775304,0.031429450036067556,0
5.478080749511719,5.5345001220703125,5.728250026702881,5.462250232696533,5.715000152587891,701240000.0,3,4,5,14,-0.021481614623185652,0.03169765805565238,0
5.301647186279297,5.356249809265137,5.539999961853027,5.326749801635742,5.430749893188477,662988000.0,4,4,6,14,-0.03220712058427,0.03231828960571763,0
5.330352306365967,5.385250091552734,5.54925012588501,5.364999771118164,5.420000076293945,499524000.0,0,4,9,15,0.005414288601221173,0.031990011078387864,0
5.6396660804748535,5.697750091552734,5.724999904632568,5.5602498054504395,5.618000030517578,761676000.0,1,4,10,15,0.0580288741817554,0.0347048960054305,0
5.598343372344971,5.656000137329102,5.7245001792907715,5.623000144958496,5.682750225067139,460244000.0,2,4,11,15,-0.0073274456676380995,0.03469982502508721,0
5.805210113525391,5.864999771118164,5.882999897003174,5.705249786376953,5.75,593920000.0,3,4,12,15,0.03695184383212502,0.03585849327330885,0
5.728500843048096,5.787499904632568,5.937749862670898,5.738749980926514,5.9292497634887695,503036000.0,4,4,13,15,-0.013213958995742736,0.035920408667569716,0
5.72825288772583,5.78725004196167,5.821000099182129,5.691999912261963,5.794250011444092,350792000.0,0,4,16,16,-4.3172816417413884e-05,0.03588340262147514,0
5.8779616355896,5.938499927520752,5.960000038146973,5.783750057220459,5.840000152587891,447224000.0,1,4,17,16,0.02613501826643283,0.035493203734046304,0
5.849009990692139,5.909249782562256,5.981249809265137,5.819250106811523,5.887499809265137,391364000.0,2,4,18,16,-0.00492551070396452,0.034489060276212694,0
5.667628288269043,5.72599983215332,5.827499866485596,5.670000076293945,5.793749809265137,471996000.0,3,4,19,16,-0.03101069630694786,0.03508896919225985,0
5.6594624519348145,5.717750072479248,5.802499771118164,5.68625020980835,5.717249870300293,386200000.0,4,4,20,16,-0.0014407544386828564,0.03465067254152867,0
5.539943218231201,5.5970001220703125,5.787499904632568,5.5707502365112305,5.735750198364258,427508000.0,0,4,23,17,-0.021118438000662376,0.034002740062829946,0
5.473625659942627,5.53000020980835,5.71999979019165,5.464000225067139,5.623000144958496,414596000.0,1,4,24,17,-0.011970682651545106,0.03187581947780799,0
5.361283779144287,5.416500091552734,5.5395002365112305,5.257500171661377,5.5,588492000.0,2,4,25,17,-0.020524432902245593,0.02720621808650211,0
5.573101043701172,5.630499839782715,5.638750076293945,5.51324987411499,5.579999923706055,375824000.0,3,4,26,17,0.03950886081654881,0.028382774822228184,0
5.600568771362305,5.658249855041504,5.757500171661377,5.615499973297119,5.737500190734863,400848000.0,4,4,27,17,0.004928517191798765,0.026365670523977494,0
5.565183162689209,5.622499942779541,5.724999904632568,5.603000164031982,5.674749851226807,327844000.0,0,4,30,18,-0.006318192582130289,0.02423996282784624,0
5.620611667633057,5.678500175476074,5.681250095367432,5.554999828338623,5.614250183105469,253788000.0,1,5,1,18,0.009960023702347831,0.023953752912867585,0
5.600073337554932,5.657750129699707,5.71999979019165,5.631249904632568,5.675000190734863,268248000.0,2,5,2,18,-0.0036541419626930915,0.023959215425369836,0
5.765372276306152,5.824749946594238,5.851250171661377,5.64424991607666,5.690000057220459,443144000.0,3,5,3,18,0.02951700111637745,0.02423303753958847,0
5.91557502746582,5.976500034332275,5.979750156402588,5.778250217437744,5.795750141143799,400660000.0,4,5,4,18,0.02605263558597337,0.023282045765525658,0
6.153622627258301,6.2170000076293945,6.274750232696533,6.072249889373779,6.082250118255615,687616000.0,0,5,7,19,0.040240938996997544,0.024525027214331616,0
6.19618558883667,6.260000228881836,6.262750148773193,6.167749881744385,6.217249870300293,506616000.0,1,5,8,19,0.00691655480129838,0.02145186608157214,0
6.3293137550354,6.394499778747559,6.396749973297119,6.252749919891357,6.280250072479248,596760000.0,2,5,9,19,0.021485550311193258,0.021552403865557988,0
6.436955451965332,6.5032501220703125,6.512499809265137,6.429999828338623,6.447999954223633,994080000.0,3,5,10,19,0.01700685699985338,0.020498745877036352,0
6.298381805419922,6.363249778747559,6.494750022888184,6.263500213623047,6.319499969482422,1214456000.0,4,5,11,19,-0.02152775007801555,0.02097436061598187,0
6.318918228149414,6.383999824523926,6.462250232696533,6.360000133514404,6.401750087738037,523140000.0,0,5,14,20,0.0032609195769226496,0.020945864480476882,0
6.076419353485107,6.138999938964844,6.322500228881836,6.037499904632568,6.31974983215332,963528000.0,1,5,15,20,-0.03837717611111502,0.02245337456071769,0
6.087554454803467,6.15024995803833,6.2129998207092285,6.062749862670898,6.099999904632568,553828000.0,2,5,16,20,0.0018325491424231455,0.02239602070425361,0
6.12962007522583,6.192749977111816,6.287499904632568,6.135749816894531,6.1519999504089355,519784000.0,3,5,17,20,0.006910291348067643,0.02099433091345188,0
6.085821151733398,6.148499965667725,6.3092498779296875,6.143499851226807,6.245250225067139,483716000.0,4,5,18,20,-0.007145454217857727,0.021112484344667233,0
6.043753147125244,6.105999946594238,6.2507500648498535,6.012249946594238,6.247000217437744,640624000.0,0,5,21,21,-0.006912258162283469,0.02045706357694725,0
6.005646705627441,6.067500114440918,6.144999980926514,6.006249904632568,6.119500160217285,518264000.0,1,5,22,21,-0.006305246067811465,0.020254340818127443,0
6.129201889038086,6.188499927520752,6.1897501945495605,6.006249904632568,6.006999969482422,442956000.0,2,5,23,21,0.019942284433064783,0.01959745967661361,0
6.1329145431518555,6.192249774932861,6.235000133514404,6.13100004196167,6.184750080108643,437372000.0,3,5,24,21,0.0006059380231118183,0.018057100935009316,0
6.172286510467529,6.23199987411499,6.248499870300293,6.169000148773193,6.204999923706055,292112000.0,4,5,25,21,0.00641933071612244,0.018060210445080688,0
6.155200004577637,6.214749813079834,6.2835001945495605,6.167500019073486,6.213749885559082,352684000.0,1,5,29,22,-0.0027679816084088538,0.01796032821071112,0
6.264145374298096,6.324749946594238,6.333499908447266,6.223750114440918,6.24875020980835,390996000.0,2,5,30,22,0.01769984904024513,0.018151272008114856,0
6.244338035583496,6.304749965667725,6.380000114440918,6.281750202178955,6.292500019073486,493868000.0,3,5,31,22,-0.003162177334343985,0.018138456768023933,0
6.378786563873291,6.440499782562256,6.446750164031982,6.341249942779541,6.349999904632568,421968000.0,4,6,1,22,0.021531356141599955,0.017665636983781655,0
6.557804107666016,6.621250152587891,6.643499851226807,6.442500114440918,6.474999904632568,642024000.0,0,6,4,23,0.028064649658869456,0.017795972642579556,0
6.563251972198486,6.6267499923706055,6.664750099182129,6.579249858856201,6.624499797821045,391712000.0,1,6,5,23,0.0008306346469277859,0.01579069726004545,0
6.56523323059082,6.628749847412109,6.631999969482422,6.51924991607666,6.535749912261963,371356000.0,2,6,6,23,0.0003017851954285611,0.015780571925708947,0
6.509520530700684,6.572500228881836,6.63700008392334,6.481249809265137,6.625,369448000.0,3,6,7,23,-0.008485705423358803,0.015348370975914655,0
6.494171142578125,6.557000160217285,6.599999904632568,6.480000019073486,6.499000072479248,360456000.0,4,6,8,23,-0.002358321510045447,0.014922631805934904,0
6.453068256378174,6.515500068664551,6.586249828338623,6.502500057220459,6.544250011444092,265372000.0,0,6,11,24,-0.00632912773199612,0.014105496855192532,0
6.5015974044799805,6.564499855041504,6.576749801635742,6.491499900817871,6.542250156402588,319160000.0,1,6,12,24,0.007520495105603819,0.014169030367069978,0
6.497142791748047,6.559999942779541,6.641749858856201,6.550749778747559,6.565999984741211,338208000.0,2,6,13,24,-0.0006854920193968272,0.010659109417057975,0
6.608811378479004,6.672749996185303,6.730000019073486,6.5904998779296875,6.605500221252441,430016000.0,3,6,14,24,0.01718750829104243,0.01108655370527548,0
6.567956447601318,6.631499767303467,6.686999797821045,6.583749771118164,6.614999771118164,432260000.0,4,6,15,24,-0.006181893358123358,0.011299045447329693,0
6.563748359680176,6.6272501945495605,6.644999980926514,6.559500217437744,6.586999893188477,356268000.0,0,6,18,25,-0.0006408162411252194,0.011068102043079411,0
6.441926956176758,6.5042500495910645,6.591000080108643,6.375500202178955,6.5229997634887695,594932000.0,1,6,19,25,-0.018559755758075225,0.011934685966961624,0
6.494914531707764,6.557750225067139,6.611249923706055,6.506999969482422,6.545750141143799,369780000.0,2,6,20,25,0.008225418006406082,0.011764653656940386,0
6.366159915924072,6.427750110626221,6.608500003814697,6.420000076293945,6.590000152587891,359516000.0,3,6,21,25,-0.019823889288126506,0.012270503525698306,0
6.213634490966797,6.273749828338623,6.462250232696533,6.2582502365112305,6.448750019073486,434160000.0,4,6,22,25,-0.023958660439055923,0.013574324717386507,0
5.920719146728516,5.978000164031982,6.170000076293945,5.888500213623047,6.166250228881836,665816000.0,0,6,25,26,-0.0471408124963375,0.017195489335434837,0
5.991781711578369,6.049749851226807,6.141250133514404,5.9977498054504395,6.09250020980835,478884000.0,1,6,26,26,0.01200228926498248,0.0174728465939974,0
5.836532115936279,5.89300012588501,6.160749912261963,5.887499809265137,6.09375,453892000.0,2,6,27,26,-0.025910116814170436,0.01770989008457355,0
5.963802337646484,6.021500110626221,6.0335001945495605,5.875249862670898,5.882999897003174,338012000.0,3,6,28,26,0.021805528931990725,0.018584359158125157,0
5.865751266479492,5.922500133514404,6.099999904632568,5.921249866485596,6.087250232696533,392300000.0,4,6,29,26,-0.0164410820049824,0.017969305682037483,0
5.997971534729004,6.056000232696533,6.059750080108643,5.831500053405762,5.852250099182129,357572000.0,0,7,2,27,0.022541172844669832,0.01748604065797794,0
5.864264488220215,5.921000003814697,6.0970001220703125,5.912499904632568,6.091000080108643,222732000.0,1,7,3,27,-0.02229197881350231,0.01788838596579122,0
6.010103702545166,6.0682501792907715,6.073249816894531,5.9375,5.976749897003174,306216000.0,3,7,5,27,0.0248691395678442,0.019106944329928755,0
6.124001502990723,6.1832499504089355,6.1917500495910645,6.021999835968018,6.043499946594238,296352000.0,4,7,6,27,0.01895105964988497,0.019759337199634654,0
6.171542167663574,6.231249809265137,6.26800012588501,6.151750087738037,6.2582502365112305,303880000.0,0,7,9,28,0.007762885091363136,0.019901981333757302,0
6.2705841064453125,6.331250190734863,6.353499889373779,6.203000068664551,6.243750095367432,360016000.0,1,7,10,28,0.016048206143338684,0.020291988595666256,0
6.12895393371582,6.1882500648498535,6.272500038146973,6.177499771118164,6.237500190734863,367508000.0,2,7,11,28,-0.022586396300414036,0.020720407942554767,0
6.2205681800842285,6.280749797821045,6.329249858856201,6.223999977111816,6.234000205993652,345508000.0,3,7,12,28,0.014947639801533352,0.021093558433643137,0
6.173274517059326,6.232999801635742,6.299499988555908,6.190499782562256,6.299499988555908,246988000.0,4,7,13,28,-0.007602594868827306,0.020632528971871907,0
6.145543575286865,6.204999923706055,6.258500099182129,6.192500114440918,6.204999923706055,197036000.0,0,7,16,29,-0.004492199393675511,0.020623130255578832,0
6.2814788818359375,6.342249870300293,6.357500076293945,6.129499912261963,6.155250072479248,362136000.0,1,7,17,29,0.022119250327446105,0.021380869262592295,0
6.232204914093018,6.292500019073486,6.348750114440918,6.241000175476074,6.334750175476074,277640000.0,2,7,18,29,-0.007844196025731609,0.02107552760040839,0
6.240375518798828,6.300749778747559,6.334750175476074,6.2582502365112305,6.273499965667725,235752000.0,3,7,19,29,0.0013110464281391732,0.020965038018691456,0
6.2121500968933105,6.272250175476074,6.337500095367432,6.261250019073486,6.298250198364258,222352000.0,4,7,20,29,-0.00452320823271124,0.02054720605293652,0
6.175502300262451,6.235249996185303,6.247250080108643,6.081999778747559,6.245500087738037,301584000.0,0,7,23,30,-0.005899027981287941,0.019871880101093017,0
6.1581711769104,6.217750072479248,6.371250152587891,6.199999809265137,6.283750057220459,354620000.0,1,7,24,30,-0.0028066113975800944,0.016544688777675502,0
6.236413955688477,6.296750068664551,6.309500217437744,6.168749809265137,6.227250099182129,319112000.0,2,7,25,30,0.012705559931552868,0.016567578363731406,0
6.309952735900879,6.370999813079834,6.408249855041504,6.259500026702881,6.276500225067139,325124000.0,3,7,26,30,0.011791756637250517,0.015305651947713767,0
6.240128040313721,6.30049991607666,6.414999961853027,6.245999813079834,6.4079999923706055,295420000.0,4,7,27,30,-0.011065750913763273,0.015057981819498599,0
6.044768810272217,6.103250026702881,6.3207502365112305,6.067999839782715,6.3147501945495605,340340000.0,0,7,30,31,-0.03130702198256796,0.016347363290498147,0
6.0628437995910645,6.121500015258789,6.197000026702881,6.053500175476074,6.092750072479248,283988000.0,1,7,31,31,0.002990208245780668,0.015598594102131644,0
6.102708339691162,6.161749839782715,6.209000110626221,6.097249984741211,6.153250217437744,283556000.0,2,8,1,31,0.006575157138543952,0.014671651239380377,0
6.205463886260986,6.265500068664551,6.269499778747559,6.030250072479248,6.089749813079834,269668000.0,3,8,2,31,0.016837786599511517,0.014114921007892377,0
6.242109298706055,6.302499771118164,6.326499938964844,6.273250102996826,6.290249824523926,214288000.0,4,8,3,31,0.0059053071659289635,0.013566312943184588,0
6.289896011352539,6.350749969482422,6.354249954223633,6.24275016784668,6.289750099182129,207508000.0,0,8,6,32,0.00765572393756675,0.013563540257812885,0
6.362196922302246,6.423749923706055,6.442500114440918,6.373000144958496,6.400000095367432,258132000.0,1,8,7,32,0.011494698196972575,0.01333460610282653,0
6.398595809936523,6.4604997634887695,6.50600004196167,6.389750003814697,6.425000190734863,262100000.0,2,8,8,32,0.005720932511257049,0.012172149310648233,0
6.350065231323242,6.411499977111816,6.481249809265137,6.403749942779541,6.478499889373779,204280000.0,3,8,9,32,-0.0075845194908717994,0.01197381337873958,0
6.308714866638184,6.369750022888184,6.402500152587891,6.317500114440918,6.328750133514404,256396000.0,4,8,10,32,-0.006511729606593519,0.011934509078007246,0
6.341645240783691,6.4029998779296875,6.525000095367432,6.3767499923706055,6.378499984741211,375208000.0,0,8,13,33,0.0052199623096711445,0.011890200411029292,0
6.4731245040893555,6.535749912261963,6.550000190734863,6.42549991607666,6.509500026702881,466220000.0,1,8,14,33,0.020732474912243504,0.011767898265626742,0
6.414937973022461,6.4770002365112305,6.591000080108643,6.397500038146973,6.5567498207092285,591136000.0,2,8,15,33,-0.008988972426945185,0.011818772494563298,0
6.374330520629883,6.435999870300293,6.550000190734863,6.375249862670898,6.547500133514404,801260000.0,3,8,16,33,-0.006330147400615438,0.011948429333210199,0
6.061854362487793,6.120500087738037,6.324250221252441,6.093249797821045,6.323500156402588,1143188000.0,4,8,17,33,-0.0490210983406274,0.016378357136715576,0
6.136630535125732,6.196000099182129,6.329999923706055,5.9679999351501465,6.079500198364258,854388000.0,0,8,20,34,0.012335595190227977,0.016602807962525192,0
6.2723164558410645,6.333000183105469,6.337500095367432,6.192500114440918,6.212500095367432,673988000.0,1,8,21,34,0.02211105257106505,0.017315166998579143,0
6.507541656494141,6.570499897003174,6.575500011444092,6.296500205993652,6.300000190734863,749856000.0,2,8,22,34,0.03750192752738002,0.01899857488415339,0
6.607079029083252,6.671000003814697,6.736999988555908,6.517499923706055,6.531499862670898,720684000.0,3,8,23,34,0.015295656097241928,0.019106527787834907,0
6.740289688110352,6.805500030517578,6.820250034332275,6.675000190734863,6.679500102996826,531512000.0,4,8,24,34,0.020161898759701646,0.019217090589182348,0
6.831408500671387,6.897500038146973,6.972499847412109,6.803750038146973,6.8354997634887695,505776000.0,0,8,27,35,0.0135184787623015,0.017406322295968075,0
6.793771266937256,6.859499931335449,6.9145002365112305,6.738249778747559,6.891499996185303,475384000.0,1,8,28,35,-0.005509257934231515,0.017593644517582004,0
6.899310111999512,6.962250232696533,6.987500190734863,6.827000141143799,6.8480000495910645,420108000.0,2,8,29,35,0.014979269974433773,0.017711689352387965,0
6.882464408874512,6.945250034332275,7.043000221252441,6.9079999923706055,6.930749893188477,346608000.0,3,8,30,35,-0.002441767790020033,0.01763108446430916,0
6.9535651206970215,7.017000198364258,7.03000020980835,6.914999961853027,6.925000190734863,306592000.0,4,8,31,35,0.010330825193809012,0.01766665391939029,0
7.028383255004883,7.09250020980835,7.130499839782715,6.974999904632568,7.003749847412109,391720000.0,1,9,4,36,0.010759585194495491,0.017699879090314792,0
6.897574424743652,6.9604997634887695,7.110499858856201,6.878749847412109,7.074749946594238,393156000.0,2,9,5,36,-0.01861127140144936,0.018444642358589405,0
6.756363391876221,6.817999839782715,6.946499824523926,6.784749984741211,6.943999767303467,322796000.0,3,9,6,36,-0.02047265692810396,0.01924242308427858,0
6.735057830810547,6.796500205993652,6.923250198364258,6.679749965667725,6.724999904632568,295420000.0,4,9,7,36,-0.0031533637861962394,0.019140910835323533,0
6.806159019470215,6.868249893188477,6.898250102996826,6.775000095367432,6.819250106811523,220140000.0,0,9,10,37,0.01055685794455652,0.019070405693398716,0
6.758344650268555,6.820000171661377,6.909999847412109,6.80049991607666,6.821499824523926,243112000.0,1,9,11,37,-0.007025038732931144,0.019223393380405837,0
6.644384860992432,6.704999923706055,6.799499988555908,6.547999858856201,6.779749870300293,419092000.0,2,9,12,37,-0.016862206020635262,0.01927083720668508,0
6.7221760749816895,6.7835001945495605,6.875,6.754000186920166,6.771500110626221,305536000.0,3,9,13,37,0.011707721362674839,0.019236053113077498,0
6.848274230957031,6.910749912261963,6.977499961853027,6.837500095367432,6.874750137329102,386936000.0,4,9,14,37,0.018758710704341874,0.019447381125660385,0
6.78633975982666,6.848249912261963,6.934500217437744,6.828750133514404,6.885000228881836,205528000.0,0,9,17,38,-0.009043881024996203,0.015364199403871024,0
6.714247226715088,6.7754998207092285,6.955999851226807,6.768750190734863,6.852250099182129,299520000.0,1,9,18,38,-0.010623165404999857,0.015699874659559472,0
6.738030910491943,6.799499988555908,6.817500114440918,6.706250190734863,6.756750106811523,224860000.0,2,9,19,38,0.0035421988756199063,0.015149022051703922,0
6.596817970275879,6.6570000648498535,6.718999862670898,6.602499961853027,6.676249980926514,430584000.0,3,9,20,38,-0.020957412154701593,0.013862534841960232,0
6.526707649230957,6.586249828338623,6.715000152587891,6.552750110626221,6.669000148773193,435128000.0,4,9,21,38,-0.010627945894848945,0.013640645933293175,0
6.582449913024902,6.642499923706055,6.645999908447266,6.4670000076293945,6.554999828338623,293912000.0,0,9,24,39,0.008540534725148818,0.012941498002130016,0
6.649587154388428,6.710249900817871,6.735499858856201,6.6227498054504395,6.709249973297119,280388000.0,1,9,25,39,0.010199469761381197,0.01276380984036542,0
6.612675189971924,6.672999858856201,6.75600004196167,6.6570000648498535,6.715250015258789,268548000.0,2,9,26,39,-0.005551215306769719,0.012764541924806052,0
6.624565601348877,6.684999942779541,6.730000019073486,6.653250217437744,6.708499908447266,214428000.0,3,9,27,39,0.0017983042375482317,0.012207939532350049,0
6.961987018585205,7.0254998207092285,7.047999858856201,6.789999961853027,6.8182501792907715,709396000.0,4,9,28,39,0.0509349111210482,0.016993339836319236,0
7.16860294342041,7.234000205993652,7.301499843597412,7.065000057220459,7.104000091552734,622060000.0,0,10,1,40,0.0296776586158074,0.018085391727920352,0
7.097254276275635,7.1620001792907715,7.318999767303467,7.139500141143799,7.206250190734863,383964000.0,1,10,2,40,-0.009953003131410787,0.018130921080991194,0
7.103446960449219,7.16825008392334,7.240499973297119,7.0632500648498535,7.232999801635742,320552000.0,2,10,3,40,0.0008726479302025858,0.01755632830332808,0
6.91912841796875,6.982250213623047,7.15625,6.9045000076293945,7.131750106811523,391220000.0,3,10,4,40,-0.02594773733096256,0.01795699563701717,0
6.6855082511901855,6.746500015258789,7.019999980926514,6.688499927520752,6.957250118255615,426636000.0,4,10,5,40,-0.03376421513859329,0.019590571544361602,0
6.584183216094971,6.64424991607666,6.7789998054504395,6.501999855041504,6.662499904632568,408612000.0,0,10,8,41,-0.015156021485343008,0.019691748157550495,0
6.578486919403076,6.638500213623047,6.718999862670898,6.570000171661377,6.623499870300293,273500000.0,1,10,9,41,-0.0008653651693174558,0.019648480718639227,0
6.086723327636719,6.142250061035156,6.577750205993652,6.139999866485596,6.531499862670898,684940000.0,2,10,10,41,-0.07475335341098921,0.025481005810971746,0
5.825109481811523,5.8782501220703125,6.189000129699707,5.856500148773193,6.0542497634887695,725436000.0,3,10,11,41,-0.0429809819433421,0.026609228265009527,0
6.107780456542969,6.16349983215332,6.238500118255615,5.991250038146973,6.137750148773193,608236000.0,4,10,12,41,0.048526296799113355,0.028851815071520716,0
5.831302642822266,5.884500026702881,6.150000095367432,5.883500099182129,6.150000095367432,449760000.0,0,10,15,42,-0.045266457864567844,0.030203986880122328,0
6.090190887451172,6.145750045776367,6.1570000648498535,5.948500156402588,5.9982500076293945,408712000.0,1,10,16,42,0.044396298392042954,0.03230071451632301,0
6.021566390991211,6.076499938964844,6.247000217437744,6.0269999504089355,6.208499908447266,329668000.0,2,10,17,42,-0.0112679666917328,0.032279612843460835,0
5.9341139793396,5.988249778747559,6.1852498054504395,5.927249908447266,6.146500110626221,524020000.0,3,10,18,42,-0.014523189517602342,0.03214511289137846,0
5.677455902099609,5.729249954223633,6.06374979019165,5.692500114440918,6.044000148773193,613608000.0,4,10,19,42,-0.04325133955552796,0.033265380596213215,0
5.728242874145508,5.7804999351501465,5.882999897003174,5.676750183105469,5.7820000648498535,368844000.0,0,10,22,43,0.008945321173975396,0.03327508158768599,0
5.476539134979248,5.526500225067139,5.604750156402588,5.417749881744385,5.510749816894531,626436000.0,1,10,23,43,-0.04394078590650663,0.03404716480914209,0
4.940182209014893,4.985249996185303,5.534749984741211,4.971250057220459,5.487750053405762,884288000.0,2,10,24,43,-0.09793724904358625,0.0393881057964496,0
5.149027347564697,5.196000099182129,5.243750095367432,4.8420000076293945,4.886750221252441,951720000.0,3,10,25,43,0.04227473108832891,0.041224633261690506,0
4.912435054779053,4.957250118255615,5.120999813079834,4.828000068664551,4.957749843597412,664784000.0,4,10,26,43,-0.0459488022265615,0.039115657603689645,0
4.59854793548584,4.640500068664551,5.103250026702881,4.40024995803833,5.09975004196167,758016000.0,0,10,29,44,-0.06389632195974893,0.038891758811458586,1
5.029121398925781,5.074999809265137,5.085000038146973,4.640500068664551,4.663750171661377,807192000.0,1,10,30,44,0.09363209442331222,0.046604021913056286,1
5.2231011390686035,5.270750045776367,5.3147501945495605,5.100249767303467,5.241250038146973,745772000.0,2,10,31,44,0.038571476624267076,0.0480637052462712,1
5.403456211090088,5.452750205993652,5.462250232696533,5.179749965667725,5.307499885559082,566528000.0,3,11,1,44,0.034530220298177206,0.049172575960163376,1
5.324426174163818,5.373000144958496,5.550000190734863,5.255249977111816,5.4432501792907715,452960000.0,4,11,2,44,-0.014625658249940554,0.048894432320553745,1
5.246389865875244,5.294250011444092,5.3832502365112305,5.131999969482422,5.359749794006348,379332000.0,0,11,5,45,-0.014656640869123327,0.048891883213045516,1
5.228800296783447,5.276500225067139,5.371250152587891,5.238999843597412,5.286250114440918,299012000.0,1,11,6,45,-0.0033526536031703857,0.04887017679075967,1
5.296431064605713,5.344749927520752,5.4352498054504395,5.2795000076293945,5.34375,483812000.0,2,11,7,45,0.012934653566274656,0.046664862770563816,1
5.103194236755371,5.149750232696533,5.285749912261963,5.095749855041504,5.284999847412109,511352000.0,3,11,8,45,-0.03648434397653333,0.046415041553286795,0
5.095266819000244,5.141749858856201,5.232999801635742,5.026000022888184,5.059999942779541,413240000.0,4,11,9,45,-0.0015535459932670692,0.044660937541251514,1
4.695662021636963,4.738500118255615,5.071750164031982,4.7164998054504395,5.049499988555908,617116000.0,0,11,12,46,-0.07842655743083737,0.04668416261064898,1
4.937705039978027,4.982749938964844,5.105249881744385,4.830999851226807,4.837250232696533,644712000.0,1,11,13,46,0.05154580871871839,0.04714552409552045,1
4.885182857513428,4.929749965667725,5.171999931335449,4.8207502365112305,5.15749979019165,526580000.0,2,11,14,46,-0.01063669137450829,0.04714439892374918,1
5.014008522033691,5.059750080108643,5.132500171661377,4.887499809265137,4.923749923706055,840708000.0,3,11,15,46,0.02637052900172998,0.04779013998353456,1
4.073587894439697,4.110750198364258,4.266499996185303,4.040249824523926,4.083000183105469,1963520000.0,4,11,16,46,-0.18755864750616458,0.06221984087079801,1
3.584796905517578,3.617500066757202,4.045499801635742,3.6157500743865967,4.044750213623047,1697820000.0,0,11,19,47,-0.1199902956407638,0.066213139077298,1
3.6933069229125977,3.7269999980926514,3.8564999103546143,3.332750082015991,3.3515000343322754,1692032000.0,1,11,20,47,0.030269503611538795,0.06693281087543476,1
3.5850448608398438,3.6177499294281006,3.882499933242798,3.590250015258789,3.865499973297119,1025496000.0,2,11,21,47,-0.029313138910775693,0.06428522921538063,1
3.592228889465332,3.625,3.7397499084472656,3.5697500705718994,3.582750082015991,411968000.0,4,11,23,47,0.0020040275622492665,0.06305480612064251,1
3.7916600704193115,3.8262500762939453,3.836750030517578,3.6640000343322754,3.7472500801086426,814832000.0,0,11,26,48,0.055517262425915925,0.0645676438667356,1
3.8085060119628906,3.843250036239624,3.9252500534057617,3.7637500762939453,3.799999952316284,738060000.0,1,11,27,48,0.004442981929227319,0.06340522429117955,1
3.9655730724334717,4.0017499923706055,4.006999969482422,3.828249931335449,3.9619998931884766,804524000.0,2,11,28,48,0.041241125255036426,0.060005199280915286,1
3.902336359024048,3.934000015258789,4.037499904632568,3.9035000801086426,4.0,549172000.0,3,11,29,48,-0.01693008739700952,0.058916209390042974,1
4.052865028381348,4.085750102996826,4.096499919891357,3.8929998874664307,3.9437499046325684,729564000.0,4,11,30,48,0.03857399266635597,0.05909361781387318,1
4.216783046722412,4.250999927520752,4.367000102996826,4.183499813079834,4.315000057220459,890804000.0,0,12,3,49,0.040445406683761176,0.060262397611267275,1
3.8961360454559326,3.9277501106262207,4.210999965667725,3.9124999046325684,4.205999851226807,812112000.0,1,12,4,49,-0.07604088976850576,0.062060309961954996,1
3.925398826599121,3.9572501182556152,3.962249994277954,3.770250082015991,3.7860000133514404,692308000.0,3,12,6,49,0.00751066305098802,0.06219517341348525,1
3.660548448562622,3.6902499198913574,3.971750020980835,3.640500068664551,3.9614999294281006,681676000.0,4,12,7,49,-0.06747114546349509,0.06307044354265305,1
3.7659428119659424,3.7964999675750732,3.821500062942505,3.641249895095825,3.6449999809265137,629472000.0,0,12,10,50,0.02879210080352612,0.06365851945437959,1
3.674931287765503,3.7047500610351562,3.897249937057495,3.625,3.8889999389648438,671912000.0,1,12,11,50,-0.024166971506263457,0.06364420661761774,1
3.692538261413574,3.7225000858306885,3.819499969482422,3.620500087738037,3.7105000019073486,654136000.0,2,12,12,50,0.004791153115082825,0.06192056886822286,1
3.6922900676727295,3.722249984741211,3.8345000743865967,3.686000108718872,3.7697501182556152,471384000.0,3,12,13,50,-6.718632201774266e-05,0.06027282070824027,1
3.6317813396453857,3.661250114440918,3.7647500038146973,3.637500047683716,3.6802499294281006,471820000.0,4,12,14,50,-0.016387902626194495,0.0602766258298719,1
3.5606088638305664,3.5894999504089355,3.703749895095825,3.5309998989105225,3.63100004196167,662868000.0,0,12,17,51,-0.019597176316630494,0.05957274913066639,0
3.643933057785034,3.6735000610351562,3.7582499980926514,3.606250047683716,3.6337499618530273,564372000.0,1,12,18,51,0.023401619107600524,0.04412025418346359,0
3.434878349304199,3.46274995803833,3.69350004196167,3.410749912261963,3.6394999027252197,745364000.0,2,12,19,51,-0.05737038233162273,0.037180339441129126,0
3.350315570831299,3.377500057220459,3.5450000762939453,3.3172500133514404,3.4542500972747803,749588000.0,3,12,20,51,-0.024619132727147774,0.036733593692754384,0
3.2131781578063965,3.2392499446868896,3.4375,3.2114999294281006,3.404249906539917,863740000.0,4,12,21,51,-0.04093267511217846,0.03723906063360874,0
3.1514296531677246,3.177000045776367,3.249500036239624,3.112499952316284,3.16225004196167,463840000.0,0,12,24,52,-0.019217380558306907,0.037335901937043406,0
3.3007185459136963,3.327500104904175,3.3285000324249268,3.1115000247955322,3.2235000133514404,695100000.0,2,12,26,52,0.04737175226921653,0.03666909997266211,0
3.2528555393218994,3.279249906539917,3.309499979019165,3.129499912261963,3.274749994277954,637044000.0,3,12,27,52,-0.014500434813854768,0.036621313773189834,0
3.314357280731201,3.341249942779541,3.4347500801086426,3.2577500343322754,3.299999952316284,628728000.0,4,12,28,52,0.018906773807014554,0.03538417028965437,0
3.3106377124786377,3.3375000953674316,3.4177498817443848,3.30649995803833,3.384999990463257,465140000.0,0,12,31,1,-0.0011222888069816195,0.035359567381494025,0
3.378089666366577,3.4054999351501465,3.4619998931884766,3.2512500286102295,3.2660000324249268,508752000.0,2,1,2,1,0.020374483247836084,0.03432829115916542,0
3.1739962100982666,3.1997499465942383,3.378999948501587,3.1922500133514404,3.344749927520752,705552000.0,3,1,3,1,-0.06041697033444127,0.03416852232298774,0
3.3773462772369385,3.404750108718872,3.4432499408721924,3.242500066757202,3.2734999656677246,585620000.0,4,1,4,1,0.06406755701108224,0.03503140751956492,0
3.556145191192627,3.5850000381469727,3.6222500801086426,3.410749912261963,3.4625000953674316,709160000.0,0,1,7,2,0.05294072213009615,0.0373838313309325,0
3.467613935470581,3.4957499504089355,3.6695001125335693,3.422499895095825,3.667249917984009,786016000.0,1,1,8,2,-0.02489542169828507,0.03471167189613458,0
3.5358104705810547,3.564500093460083,3.6122500896453857,3.496500015258789,3.547499895095825,617260000.0,2,1,9,2,0.019666779382519817,0.03434179536230015,0
3.6015264987945557,3.6307499408721924,3.6394999027252197,3.4839999675750732,3.5450000762939453,523156000.0,3,1,10,2,0.01858601365550827,0.034258438188743065,0
3.690802574157715,3.720750093460083,3.7437500953674316,3.5802500247955322,3.6082499027252197,874764000.0,4,1,11,2,0.024788309317240076,0.03470834846033967,0
3.730729103088379,3.760999917984009,3.7864999771118164,3.64424991607666,3.6679999828338623,730168000.0,0,1,14,3,0.010817664049695974,0.03478343872672586,0
3.7165935039520264,3.7467501163482666,3.833750009536743,3.728250026702881,3.7939999103546143,617012000.0,1,1,15,3,-0.003788833274790515,0.034563576577547744,0
3.6910507678985596,3.7209999561309814,3.807499885559082,3.7155001163482666,3.774250030517578,470104000.0,2,1,16,3,-0.006872665488133034,0.03426630563424235,0
3.7624707221984863,3.7929999828338623,3.833250045776367,3.660249948501587,3.6877501010894775,493436000.0,3,1,17,3,0.019349644598691373,0.03414711656065181,0
3.8916726112365723,3.9232499599456787,3.94950008392334,3.791249990463257,3.843250036239624,651336000.0,4,1,18,3,0.03433956701853269,0.03181047322650885,0
3.689314603805542,3.719249963760376,3.9045000076293945,3.6887500286102295,3.8927500247955322,661552000.0,1,1,22,4,-0.05199770554209793,0.03376044124088904,0
3.7022109031677246,3.7322499752044678,3.864500045776367,3.7007501125335693,3.7750000953674316,591020000.0,2,1,23,4,0.0034953314702590443,0.03196723358359195,0
3.9142396450042725,3.946000099182129,3.963749885559082,3.8127501010894775,3.817500114440918,708972000.0,3,1,24,4,0.05727111672522711,0.03314443596556942,0
3.971524715423584,4.003749847412109,4.021999835968018,3.7825000286102295,3.885999917984009,1154572000.0,4,1,25,4,0.014635009320438153,0.03206628106313947,1
3.4224798679351807,3.4502499103546143,3.5409998893737793,3.2750000953674316,3.413749933242798,2511528000.0,0,1,28,5,-0.1382453844900573,0.04593678041127368,1
3.263519525527954,3.2899999618530273,3.452500104904175,3.27524995803833,3.403749942779541,1153932000.0,1,1,29,5,-0.04644589599746318,0.04709992649018781,1
3.407104730606079,3.4347500801086426,3.4492499828338623,3.2864999771118164,3.3667500019073486,974228000.0,2,1,30,5,0.0439969969404157,0.04809683620213262,1
3.564824342727661,3.59375,3.6297500133514404,3.4094998836517334,3.43149995803833,842852000.0,3,1,31,5,0.0462915543148712,0.04894309646573414,1
3.5891273021698,3.6182498931884766,3.6697499752044678,3.564500093460083,3.612499952316284,625048000.0,4,2,1,5,0.006817361582880377,0.04654467223347171,0
3.699481964111328,3.7295000553131104,3.7669999599456787,3.611999988555908,3.6342499256134033,528592000.0,0,2,4,6,0.030746953750780737,0.04497336949406646,0
3.7185773849487305,3.7487499713897705,3.785749912261963,3.7074999809265137,3.741499900817871,542424000.0,1,2,5,6,0.005161527226480667,0.043572068728181076,0
3.7942137718200684,3.825000047683716,3.890000104904175,3.776750087738037,3.782249927520752,702464000.0,2,2,6,6,0.020340133878194333,0.04321024061003044,0
3.655836582183838,3.685499906539917,3.7804999351501465,3.6422500610351562,3.778249979019165,637120000.0,3,2,7,6,-0.036470624680978836,0.044053056151152264,0
3.67443585395813,3.7042500972747803,3.7149999141693115,3.603250026702881,3.6177499294281006,461604000.0,4,2,8,6,0.005087556969297635,0.04389904077226346,0
3.6317813396453857,3.661250114440918,3.7144999504089355,3.612499952316284,3.659749984741211,495180000.0,0,2,11,7,-0.011608282838541983,0.04365688522230393,0
3.748831272125244,3.779249906539917,3.7950000762939453,3.685499906539917,3.700000047683716,591060000.0,1,2,12,7,0.032229372047972715,0.044191617453230726,0
3.7912380695343018,3.822000026702881,3.895750045776367,3.7952499389648438,3.809000015258789,605372000.0,2,2,13,7,0.011311800283168694,0.04423057893860405,0
3.832155227661133,3.8632500171661377,3.8917500972747803,3.7774999141693115,3.821000099182129,827264000.0,3,2,14,7,0.010792776079293187,0.044221050274800104,0
3.9018406867980957,3.933500051498413,4.096749782562256,3.9105000495910645,4.073750019073486,1516748000.0,4,2,15,7,0.018184180164401376,0.044198932393978985,0
3.884481191635132,3.9159998893737793,3.9972500801086426,3.9035000801086426,3.9227499961853027,551892000.0,1,2,19,8,-0.0044490051850812895,0.04358879892582162,0
3.9318466186523438,3.963749885559082,4.031499862670898,3.9342501163482666,3.945499897003174,540988000.0,2,2,20,8,0.012193564232438892,0.04181949032311091,0
3.8629064559936523,3.89424991607666,4.00124979019165,3.879499912261963,3.9765000343322754,448548000.0,3,2,21,8,-0.017533893784677845,0.0420980545335329,0
3.9477176666259766,3.979749917984009,3.9987499713897705,3.9327499866485596,3.946500062942505,401740000.0,4,2,22,8,0.021955448096532937,0.04040932431296856,0
3.9353187084198,3.967250108718872,4.131999969482422,3.9584999084472656,4.064000129699707,656020000.0,0,2,25,9,-0.003140852948737227,0.04029474476180991,0
3.895888566970825,3.927500009536743,4.019000053405762,3.893749952316284,3.9625000953674316,488464000.0,1,2,26,9,-0.010019559667985067,0.02397768281819946,0
3.8539791107177734,3.8852500915527344,3.9397499561309814,3.8277499675750732,3.9130001068115234,500256000.0,2,2,27,9,-0.010757458403925613,0.020944923337734896,0
3.829401969909668,3.8564999103546143,3.8975000381469727,3.8340001106262207,3.875,324944000.0,3,2,28,9,-0.00739982768693026,0.01946873070063632,0
3.883768081665039,3.911250114440918,3.953749895095825,3.8480000495910645,3.906749963760376,357188000.0,4,3,1,9,0.01419686382963481,0.01715719272303161,0
3.8919601440429688,3.9195001125335693,3.9730000495910645,3.862499952316284,3.950000047683716,409992000.0,0,3,4,10,0.002109299546503296,0.017154316540363364,0
3.885505437850952,3.9130001068115234,3.9514999389648438,3.8489999771118164,3.903749942779541,362924000.0,1,3,5,10,-0.0016583762049809936,0.016001230259657898,0
3.774540901184082,3.8012499809265137,3.9124999046325684,3.7985000610351562,3.9040000438690186,403524000.0,2,3,6,10,-0.028558682043090533,0.017422342739796873,0
3.7052805423736572,3.7314999103546143,3.78725004196167,3.684999942779541,3.7774999141693115,450104000.0,3,3,7,10,-0.018349245885401766,0.01729065488589471,0
3.7395384311676025,3.7660000324249268,3.776750087738037,3.619999885559082,3.6414999961853027,422416000.0,4,3,8,10,0.009245644619896076,0.015271739664400643,0
4.000194072723389,4.028500080108643,4.051499843597412,3.7422499656677246,3.789750099182129,859728000.0,0,3,11,11,0.06970261429198454,0.021644404063575016,0
4.034451961517334,4.063000202178955,4.109749794006348,3.979749917984009,4.05649995803833,579576000.0,1,3,12,11,0.008564011762259183,0.021325733986476136,0
4.1858811378479,4.2154998779296875,4.244999885559082,4.093249797821045,4.100749969482422,768900000.0,2,3,13,11,0.037533760315578535,0.021706147593549927,0
4.109918117523193,4.138999938964844,4.23675012588501,4.131249904632568,4.22475004196167,519384000.0,3,3,14,11,-0.018147299532698447,0.022296521836417307,0
4.215420722961426,4.245250225067139,4.288249969482422,4.178999900817871,4.182499885559082,661484000.0,4,3,15,11,0.02567052130202918,0.022770391424874567,0
4.194072246551514,4.223750114440918,4.331250190734863,4.196499824523926,4.2769999504089355,486992000.0,0,3,18,12,-0.005064509625196667,0.022653267465424547,0
4.361884117126465,4.392749786376953,4.4375,4.302000045776367,4.318999767303467,854972000.0,1,3,19,12,0.04001175906648191,0.023945369709292067,0
4.32936429977417,4.360000133514404,4.475749969482422,4.324999809265137,4.421999931335449,719148000.0,2,3,20,12,-0.0074553877309638805,0.024081774236723114,0
4.566188335418701,4.598499774932861,4.625,4.3782501220703125,4.3832502365112305,824312000.0,3,3,21,12,0.05470175094380392,0.025867839536862038,0
4.406320571899414,4.4375,4.619999885559082,4.423500061035156,4.571000099182129,747644000.0,4,3,22,12,-0.03501136953632056,0.02741645384272782,0
4.313973426818848,4.3445000648498535,4.461249828338623,4.277750015258789,4.396500110626221,525212000.0,0,3,25,13,-0.02095773186482175,0.028005687007808897,0
4.390678882598877,4.421750068664551,4.543749809265137,4.364999771118164,4.487249851226807,703508000.0,1,3,26,13,0.01778110315608128,0.027915045406487937,0
4.381495475769043,4.412499904632568,4.4942498207092285,4.34250020980835,4.447500228881836,474372000.0,2,3,27,13,-0.0020919689915391837,0.02770267204683212,0
4.400114059448242,4.431250095367432,4.497499942779541,4.377749919891357,4.43874979019165,480264000.0,3,3,28,13,0.004249335102574747,0.02751150912834794,0
4.457458019256592,4.488999843597412,4.513500213623047,4.447750091552734,4.498499870300293,456896000.0,4,3,29,13,0.013032382959010658,0.027497425920730033,0
4.524980545043945,4.557000160217285,4.587500095367432,4.509250164031982,4.581500053405762,483824000.0,0,4,1,14,0.015148210957694808,0.027523304379712777,0
4.542853832244873,4.574999809265137,4.619750022888184,4.538000106811523,4.581250190734863,440920000.0,1,4,2,14,0.003949889930878081,0.027449079399443493,0
4.682366847991943,4.7154998779296875,4.775000095367432,4.619999885559082,4.625,783504000.0,2,4,3,14,0.03071039880264359,0.02645326698500852,0
4.6734299659729,4.706500053405762,4.7492499351501465,4.643249988555908,4.699999809265137,457376000.0,3,4,4,14,-0.0019085621369747674,0.02573362435346058,0
4.740208625793457,4.773749828338623,4.791250228881836,4.713250160217285,4.75,481744000.0,4,4,5,14,0.014288701618986988,0.02573009527332773,0
4.76106071472168,4.794750213623047,4.820000171661377,4.71875,4.743000030517578,424192000.0,0,4,8,15,0.004399138212010767,0.021914204468157072,0
4.698254108428955,4.731500148773193,4.772250175476074,4.689000129699707,4.761000156402588,439972000.0,1,4,9,15,-0.013191524486540485,0.022468371876113287,0
4.768755912780762,4.802499771118164,4.828499794006348,4.726250171661377,4.73075008392334,444772000.0,2,4,10,15,0.015005731821308377,0.021445023214823226,0
4.754854679107666,4.78849983215332,4.836750030517578,4.738749980926514,4.804999828338623,374600000.0,3,4,11,15,-0.0029151357901229247,0.020774029997062536,0
4.716872215270996,4.750249862670898,4.831500053405762,4.741499900817871,4.827499866485596,471708000.0,4,4,12,15,-0.007987881554382681,0.02058857066165053,0
4.585054874420166,4.617499828338623,4.747499942779541,4.577499866485596,4.742499828338623,440092000.0,0,4,15,16,-0.027945905619717215,0.021824726421864397,0
4.672189235687256,4.705249786376953,4.724249839782715,4.624000072479248,4.6570000648498535,394964000.0,1,4,16,16,0.01900378154857507,0.020500671466051237,0
4.649349689483643,4.682250022888184,4.761499881744385,4.659749984741211,4.740499973297119,351004000.0,2,4,17,16,-0.004888106802610204,0.020435473850119477,0
4.624774932861328,4.65749979019165,4.723249912261963,4.629499912261963,4.689000129699707,380988000.0,3,4,18,16,-0.0052859699024073725,0.016610772829492623,0
4.678643226623535,4.711750030517578,4.727499961853027,4.6020002365112305,4.633749961853027,279936000.0,0,4,22,17,0.011647931888300933,0.01445806717497156,0
4.733256816864014,4.766749858856201,4.798250198364258,4.715250015258789,4.724999904632568,346856000.0,1,4,23,17,0.011672908788113556,0.013402705551121169,0
4.745668888092041,4.779250144958496,4.820250034332275,4.716000080108643,4.777249813079834,318204000.0,2,4,24,17,0.0026223918754768594,0.01305000921304694,0
4.639916896820068,4.672749996185303,4.761250019073486,4.59250020980835,4.738749980926514,499296000.0,3,4,25,17,-0.02228386159814999,0.014268326978837698,0
4.420965671539307,4.452250003814697,4.522250175476074,4.332499980926514,4.517749786376953,868988000.0,4,4,26,17,-0.04718848484310423,0.018136428459435628,0
4.451747894287109,4.483250141143799,4.511250019073486,4.387499809265137,4.460249900817871,391920000.0,0,4,29,18,0.0069628024712315995,0.017963783482535283,0
4.493205547332764,4.525000095367432,4.550749778747559,4.43149995803833,4.45074987411499,362920000.0,1,4,30,18,0.009312430247976566,0.01775248405395323,0
4.480049133300781,4.511750221252441,4.620250225067139,4.511499881744385,4.577750205993652,354280000.0,2,5,1,18,-0.0029281489139757477,0.017734453026151474,0
4.547570705413818,4.579750061035156,4.6217498779296875,4.478000164031982,4.521500110626221,394684000.0,3,5,2,18,0.01507172082851671,0.016591791539088692,0
4.543101787567139,4.575250148773193,4.598249912261963,4.51324987411499,4.588250160217285,336824000.0,4,5,3,18,-0.0009825672148024989,0.016591374681589475,0
4.464657783508301,4.496250152587891,4.508500099182129,4.349999904632568,4.387499809265137,422176000.0,0,5,6,19,-0.017266814625750193,0.01653318051200303,0
4.2973408699035645,4.327750205993652,4.447500228881836,4.279250144958496,4.447500228881836,555220000.0,1,5,7,19,-0.037475661023276374,0.018139217850594025,0
4.317448616027832,4.3480000495910645,4.428750038146973,4.288000106811523,4.300000190734863,419168000.0,2,5,8,19,0.004679069408711989,0.018152125780703226,0
4.224854469299316,4.254749774932861,4.288249969482422,4.135000228881836,4.278500080108643,660248000.0,3,5,9,19,-0.021446705058564497,0.017966284668970944,0
4.190845012664795,4.2204999923706055,4.289750099182129,4.099999904632568,4.223750114440918,569500000.0,4,5,10,19,-0.00804977598542711,0.017958355614185125,0
3.9334168434143066,3.961250066757202,4.110750198364258,3.9452500343322754,4.087500095367432,656912000.0,0,5,13,20,-0.06142635376899641,0.021810380833655312,0
4.02253532409668,4.051000118255615,4.08650016784668,3.962249994277954,4.00124979019165,524880000.0,1,5,14,20,0.02265700220533806,0.02240076886508821,0
3.961467981338501,3.989500045776367,4.026249885559082,3.9352500438690186,3.994999885559082,502320000.0,2,5,15,20,-0.015181454130820948,0.021662063824369308,0
3.9766106605529785,4.004749774932861,4.047749996185303,3.9412500858306885,3.9839999675750732,781088000.0,3,5,16,20,0.0038224662192043457,0.021814715717248197,0
3.8857533931732178,3.913249969482422,4.092750072479248,3.873500108718872,3.9625000953674316,1022068000.0,4,5,17,20,-0.022847820860910972,0.022070596517565814,0
3.7670934200286865,3.793750047683716,3.8692500591278076,3.768749952316284,3.8137500286102295,572064000.0,0,5,20,21,-0.030537257453684075,0.022066430015056912,0
3.84926176071167,3.876499891281128,3.8924999237060547,3.815999984741211,3.8550000190734863,361848000.0,1,5,21,21,0.02181214960324951,0.022710699664110084,0
3.778264284133911,3.805000066757202,3.8637499809265137,3.7939999103546143,3.8375000953674316,325868000.0,2,5,22,21,-0.01844442835784421,0.022580980598863126,0
3.657121419906616,3.683000087738037,3.7422499656677246,3.6227500438690186,3.7422499656677246,591844000.0,3,5,23,21,-0.032063068824894736,0.0229392280245041,0
3.6032521724700928,3.6287500858306885,3.737499952316284,3.621999979019165,3.7019999027252197,357584000.0,4,5,24,21,-0.014729839971485581,0.02138245448332107,0
3.558073043823242,3.583250045776367,3.679500102996826,3.581249952316284,3.6465001106262207,428356000.0,1,5,28,22,-0.012538763755593707,0.021011900993156977,0
3.4838478565216064,3.508500099182129,3.570499897003174,3.4735000133514404,3.535249948501587,559800000.0,2,5,29,22,-0.02086093508387654,0.020560507285639327,0
3.4572553634643555,3.477750062942505,3.543750047683716,3.4392499923706055,3.5077500343322754,394300000.0,3,5,30,22,-0.008764439324596918,0.020459617115249917,0
3.3665432929992676,3.3864998817443848,3.4962499141693115,3.3847498893737793,3.428499937057495,389720000.0,4,5,31,22,-0.026238280367081313,0.019571252321024545,0
3.3247909545898438,3.3445000648498535,3.4367499351501465,3.315000057220459,3.397749900817871,478644000.0,0,6,3,23,-0.012402131510749426,0.019311961790227723,0
3.5539329051971436,3.575000047683716,3.5802500247955322,3.3867499828338623,3.4089999198913574,641836000.0,1,6,4,23,0.06891911447584631,0.026964797767710845,0
3.511186122894287,3.5320000648498535,3.654750108718872,3.495500087738037,3.649250030517578,511616000.0,2,6,5,23,-0.012027967065824985,0.026243260472288924,0
3.573317289352417,3.5945000648498535,3.6192500591278076,3.533750057220459,3.536250114440918,408140000.0,3,6,6,23,0.0176953564134934,0.026776772513130417,0
3.6160638332366943,3.637500047683716,3.671999931335449,3.581249952316284,3.6005001068115234,348856000.0,4,6,7,23,0.01196271583198838,0.027009242919480297,0
3.688882350921631,3.710750102996826,3.779750108718872,3.694000005722046,3.694000005722046,402780000.0,0,6,10,24,0.020137471987046185,0.027703462301977407,0
3.7465407848358154,3.768749952316284,3.809000015258789,3.7290000915527344,3.7709999084472656,383872000.0,1,6,11,24,0.015630222383505865,0.024803645133757532,0
3.6334609985351562,3.6549999713897705,3.731250047683716,3.6397500038146973,3.7249999046325684,358892000.0,2,6,12,24,-0.03018241654811904,0.02483073317379123,0
3.6846578121185303,3.7065000534057617,3.7249999046325684,3.6594998836517334,3.6772499084472656,308080000.0,3,6,13,24,0.014090309827392122,0.02505092192227899,0
3.5946905612945557,3.615999937057495,3.6372499465942383,3.571000099182129,3.6127500534057617,394428000.0,4,6,14,24,-0.02441659653157413,0.025416848320062368,0
3.6043834686279297,3.6257500648498535,3.6630001068115234,3.591249942779541,3.6142499446868896,276040000.0,0,6,17,25,0.002696384945264363,0.025101541163690053,0
3.7994766235351562,3.822000026702881,3.8777499198913574,3.676500082015991,3.6875,581920000.0,1,6,18,25,0.05412672091096127,0.02734314866062297,0
3.8054425716400146,3.828000068664551,3.86899995803833,3.8017499446868896,3.8575000762939453,331644000.0,2,6,19,25,0.0015698696807300294,0.026892247953597907,0
3.82979679107666,3.8524999618530273,3.9332499504089355,3.8380000591278076,3.919250011444092,350168000.0,3,6,20,25,0.006400180968916258,0.02658163259954288,0
3.771641731262207,3.7939999103546143,3.88700008392334,3.7874999046325684,3.8375000953674316,434428000.0,4,6,21,25,-0.015184958358902878,0.025732740441676567,0
3.79400897026062,3.816499948501587,3.846250057220459,3.7679998874664307,3.815500020980835,282948000.0,0,6,24,26,0.0059304266416995155,0.025447604497074863,0
3.7646827697753906,3.7869999408721924,3.8970000743865967,3.784250020980835,3.821500062942505,311868000.0,1,6,25,26,-0.007729597282184364,0.025317155058933477,0
3.958036422729492,3.9814999103546143,4.043000221252441,3.902250051498413,3.915250062942505,584072000.0,2,6,26,26,0.05135990824378678,0.026829865680984985,0
4.056702613830566,4.080749988555908,4.099999904632568,4.031499862670898,4.067749977111816,445440000.0,3,6,27,26,0.024927811235955666,0.026866902962852216,0
4.0815558433532715,4.10575008392334,4.134250164031982,4.058750152587891,4.125,397668000.0,4,6,28,26,0.006126348204997134,0.02561880976116098,0
4.129770278930664,4.154250144958496,4.348750114440918,4.116499900817871,4.3142499923706055,709756000.0,0,7,1,27,0.011812716323154948,0.025071639784164736,0
4.0318498611450195,4.055749893188477,4.158750057220459,4.042500019073486,4.137499809265137,400228000.0,1,7,2,27,-0.023710717538171666,0.022242631214041728,0
4.044771671295166,4.068749904632568,4.085000038146973,4.008500099182129,4.079249858856201,246636000.0,2,7,3,27,0.003205328678162589,0.02182957342419652,0
3.9821436405181885,4.0057501792907715,4.014500141143799,3.941999912261963,4.010000228881836,396552000.0,4,7,5,27,-0.01548380382634651,0.022256347895089873,0
3.9070887565612793,3.9302499294281006,3.964750051498413,3.9000000953674316,3.9457499980926514,329788000.0,0,7,8,28,-0.018847967667329324,0.02285563073402304,0
3.909574031829834,3.9327499866485596,3.9609999656677246,3.875,3.8877499103546143,342860000.0,1,7,9,28,0.0006361064220723467,0.022550402752532756,0
3.977918863296509,4.001500129699707,4.0592498779296875,3.9625000953674316,3.9765000343322754,452076000.0,2,7,10,28,0.01748144257441986,0.022608060579991405,0
4.132503509521484,4.1570000648498535,4.197999954223633,4.037499904632568,4.074999809265137,682560000.0,3,7,11,28,0.038860409873787916,0.02250698368515962,0
4.165555953979492,4.190249919891357,4.261750221252441,4.184999942779541,4.184999942779541,506392000.0,4,7,12,28,0.007998521655713464,0.022442728024682036,0
4.157106399536133,4.1817498207092285,4.227749824523926,4.153250217437744,4.21150016784668,289840000.0,0,7,15,29,-0.0020285422933316033,0.021357485844279572,0
4.152385711669922,4.177000045776367,4.204249858856201,4.120999813079834,4.166749954223633,341444000.0,1,7,16,29,-0.0011358343125500436,0.02142001846270618,0
4.217746734619141,4.24275016784668,4.249750137329102,4.149250030517578,4.178750038146973,348204000.0,2,7,17,29,0.01574099146510588,0.018529590410723128,0
4.229428291320801,4.254499912261963,4.317749977111816,4.196249961853027,4.2532501220703125,442192000.0,3,7,18,29,0.0027693698545645518,0.018518490945696086,0
4.186184883117676,4.210999965667725,4.299499988555908,4.204999923706055,4.293000221252441,344896000.0,4,7,19,29,-0.010224455868212967,0.01884414673346562,0
4.2577595710754395,4.2829999923706055,4.296000003814697,4.224999904632568,4.232500076293945,315940000.0,0,7,22,30,0.01709808294701909,0.018436174044090835,0
4.365620136260986,4.391499996185303,4.393499851226807,4.3067498207092285,4.322500228881836,428176000.0,1,7,23,30,0.025332711652573003,0.018923109276098103,0
4.440178394317627,4.4664998054504395,4.472249984741211,4.358500003814697,4.434999942779541,366236000.0,2,7,24,30,0.017078403581984647,0.01870413255135245,0
4.308956623077393,4.334499835968018,4.4375,4.310999870300293,4.424749851226807,392700000.0,3,7,25,30,-0.02955333599731569,0.01765557455205016,0
4.350958347320557,4.3767499923706055,4.423749923706055,4.36175012588501,4.36175012588501,274160000.0,4,7,26,30,0.009747412158605417,0.01704247848866435,0
4.3447442054748535,4.370500087738037,4.386750221252441,4.281750202178955,4.369500160217285,248160000.0,0,7,29,31,-0.0014279784414149566,0.01706828765303647,0
4.360400676727295,4.386250019073486,4.398499965667725,4.3092498779296875,4.323750019073486,197772000.0,1,7,30,31,0.0036036908864589545,0.016950274624839095,0
4.193143367767334,4.2179999351501465,4.355500221252441,4.17549991607666,4.354499816894531,359416000.0,2,7,31,31,-0.038358525663541476,0.018412055794725178,0
4.098703861236572,4.123000144958496,4.319499969482422,4.070499897003174,4.228499889373779,421212000.0,3,8,1,31,-0.022522473127603027,0.019213874502259268,0
4.006002426147461,4.029749870300293,4.0995001792907715,3.9820001125335693,4.029749870300293,428348000.0,4,8,2,31,-0.022617092257982918,0.019595226850748215,0
3.7475345134735107,3.7697501182556152,3.846250057220459,3.7225000858306885,3.8450000286102295,589156000.0,0,8,5,32,-0.06452007206722798,0.024108055726911895,0
3.7863047122955322,3.8087499141693115,3.890749931335449,3.7607500553131104,3.8450000286102295,361272000.0,1,8,6,32,0.010345459165803428,0.02425703655422798,0
3.824577569961548,3.847249984741211,3.859250068664551,3.7300000190734863,3.747499942779541,372560000.0,2,8,7,32,0.01010832200577716,0.02401109069983153,0
3.9331841468811035,3.9565000534057617,3.957750082015991,3.8475000858306885,3.905250072479248,309300000.0,3,8,8,32,0.02839692484186207,0.02318078787796499,0
3.8317854404449463,3.8545000553131104,3.918750047683716,3.8037500381469727,3.915250062942505,341816000.0,4,8,9,32,-0.02578036060048816,0.02362428904046175,0
3.763937473297119,3.786250114440918,3.8545000553131104,3.7642500400543213,3.802000045776367,279200000.0,0,8,12,33,-0.017706561134462895,0.023818331068920194,0
3.8782589435577393,3.901249885559082,3.947499990463257,3.745500087738037,3.784749984741211,351956000.0,1,8,13,33,0.03037299904714441,0.025074138584454654,0
3.7296409606933594,3.7517499923706055,3.8237500190734863,3.707750082015991,3.8125,419880000.0,2,8,14,33,-0.038321024690540106,0.0258378637656065,0
3.6973321437835693,3.719249963760376,3.790750026702881,3.6847500801086426,3.770750045776367,477200000.0,3,8,15,33,-0.008662631752201055,0.025764450046498483,0
3.9654924869537354,3.989000082015991,4.03849983215332,3.921999931335449,3.983750104904175,1007960000.0,4,8,16,33,0.0725280959559067,0.031188498467694042,0
4.244339466094971,4.269499778747559,4.2855000495910645,4.086750030517578,4.103000164031982,815112000.0,0,8,19,34,0.07031829806075263,0.03496702230373332,0
4.172018051147461,4.196750164031982,4.264500141143799,4.17549991607666,4.263999938964844,463188000.0,1,8,20,34,-0.017039376621519997,0.03466031961352226,0
4.255523204803467,4.280749797821045,4.336249828338623,4.241499900817871,4.26324987411499,427244000.0,2,8,21,34,0.020015400132458838,0.03475017539447637,0
4.2617363929748535,4.2870001792907715,4.333250045776367,4.247499942779541,4.290500164031982,303488000.0,3,8,22,34,0.0014601137101981632,0.03412124452802572,0
4.0370683670043945,4.060999870300293,4.264750003814697,4.040999889373779,4.210000038146973,568056000.0,4,8,23,34,-0.05271758794931225,0.03598946815136592,0
4.111875057220459,4.136250019073486,4.1645002365112305,4.097750186920166,4.140250205993652,318208000.0,0,8,26,35,0.018529955965654654,0.03631426026653094,0
4.021162509918213,4.045000076293945,4.177499771118164,4.015500068664551,4.174749851226807,290968000.0,1,8,27,35,-0.022061031697494182,0.03655371498483101,0
4.010714054107666,4.0304999351501465,4.083499908447266,3.9749999046325684,4.014500141143799,255612000.0,2,8,28,35,-0.003584707260891773,0.03561902658640717,0
4.154505729675293,4.175000190734863,4.207499980926514,4.11899995803833,4.122499942779541,357976000.0,3,8,29,35,0.03585169530075527,0.03620744008122683,0
4.1671929359436035,4.187749862670898,4.271500110626221,4.16949987411499,4.221499919891357,290616000.0,4,8,30,35,0.0030538134978601583,0.03576934518401944,0
4.084102153778076,4.104249954223633,4.147749900817871,4.081250190734863,4.114500045776367,296140000.0,1,9,3,36,-0.019939086904777636,0.03262167850501522,0
4.198288917541504,4.218999862670898,4.226500034332275,4.165249824523926,4.165249824523926,227728000.0,2,9,4,36,0.027958801176126702,0.033015813520561745,0
4.471441745758057,4.493500232696533,4.499750137329102,4.320000171661377,4.321750164031982,695676000.0,3,9,5,36,0.06506290091506628,0.035593500669322285,0
4.444324493408203,4.466249942779541,4.527249813079834,4.427999973297119,4.46999979019165,376976000.0,4,9,6,36,-0.006064379326990554,0.035407479950593415,0
4.490347862243652,4.512499809265137,4.5995001792907715,4.495999813079834,4.497499942779541,417524000.0,0,9,9,37,0.010355413843411654,0.03457700808549041,0
4.557019233703613,4.579500198364258,4.606249809265137,4.469749927520752,4.479499816894531,352812000.0,1,9,10,37,0.014847732283900461,0.03404196957152368,0
4.585628509521484,4.608250141143799,4.656750202178955,4.565000057220459,4.594250202178955,361512000.0,2,9,11,37,0.006277965178342004,0.03371143777225974,0
4.58413553237915,4.606750011444092,4.710000038146973,4.598750114440918,4.65500020980835,327840000.0,3,9,12,37,-0.00032553130879620085,0.03193443501127483,0
4.526171684265137,4.548500061035156,4.577000141143799,4.504499912261963,4.539750099182129,324592000.0,4,9,13,37,-0.01264447826867765,0.032074221495729006,0
4.4831342697143555,4.505249977111816,4.539999961853027,4.462500095367432,4.4730000495910645,231832000.0,0,9,16,38,-0.0095086475416023,0.028817185760749535,0
4.504528045654297,4.526750087738037,4.531000137329102,4.465250015258789,4.51200008392334,223048000.0,1,9,17,38,0.00477223477841382,0.024594145926497214,0
4.47741174697876,4.499499797821045,4.5355000495910645,4.412499904632568,4.519750118255615,258152000.0,2,9,18,38,-0.006019835287750297,0.024237354637756347,0
4.4017863273620605,4.423500061035156,4.52400016784668,4.412749767303467,4.505499839782715,245476000.0,3,9,19,38,-0.016890707901063284,0.02433980291041622,0
4.296057224273682,4.317249774932861,4.446249961853027,4.307000160217285,4.422500133514404,350244000.0,4,9,20,38,-0.024019505965018784,0.025022429219500496,0
4.349542617797852,4.370999813079834,4.416749954223633,4.31374979019165,4.317500114440918,249712000.0,0,9,23,39,0.012450064496861035,0.021734694252539592,0
4.292075157165527,4.3132500648498535,4.432250022888184,4.277500152587891,4.402500152587891,317268000.0,1,9,24,39,-0.013212022580547655,0.02176945672753367,0
4.433876037597656,4.455749988555908,4.475500106811523,4.267749786376953,4.312749862670898,308432000.0,2,9,25,39,0.03303771438325254,0.022006986886570032,0
4.411736011505127,4.433499813079834,4.454750061035156,4.38224983215332,4.446000099182129,234564000.0,3,9,26,39,-0.00499358705789632,0.022038391045652105,0
4.272920608520508,4.294000148773193,4.442500114440918,4.232999801635742,4.391499996185303,362056000.0,4,9,27,39,-0.0314649081285816,0.022218708801348453,0
4.330386161804199,4.351749897003174,4.361999988555908,4.28849983215332,4.320000171661377,186184000.0,0,9,30,40,0.013448939503758472,0.022374641786089527,0
4.328645706176758,4.349999904632568,4.525000095367432,4.345250129699707,4.375,366008000.0,1,10,1,40,-0.00040213532763233584,0.02177772418265516,0
4.3047637939453125,4.326000213623047,4.340000152587891,4.2532501220703125,4.328000068664551,293372000.0,2,10,2,40,-0.005517170467972399,0.021043325396373134,0
4.510499477386475,4.532750129699707,4.539000034332275,4.300000190734863,4.33050012588501,450588000.0,3,10,3,40,0.047792396178248486,0.018496145504173063,0
4.526918411254883,4.54925012588501,4.578750133514404,4.4695000648498535,4.534999847412109,265524000.0,4,10,4,40,0.0036401733413873316,0.01843942919029288,0
4.585628509521484,4.608250141143799,4.708499908447266,4.60575008392334,4.614500045776367,480984000.0,0,10,7,41,0.012969173737685136,0.018517715118978356,0
4.408999443054199,4.430749893188477,4.515999794006348,4.412499904632568,4.515999794006348,444436000.0,1,10,8,41,-0.038517928176369676,0.020216378983428346,0
4.495572090148926,4.517749786376953,4.567500114440918,4.479000091552734,4.507999897003174,292412000.0,2,10,9,41,0.019635478256676997,0.02070019463268628,0
4.553287982940674,4.57574987411499,4.626999855041504,4.510250091552734,4.515500068664551,309124000.0,3,10,10,41,0.012838269156236537,0.02092376348262816,0
4.62692403793335,4.649750232696533,4.733500003814697,4.641250133514404,4.660250186920166,446404000.0,4,10,11,41,0.01617229101620321,0.021008675633050415,0
4.640357971191406,4.663249969482422,4.6842498779296875,4.609749794006348,4.640999794006348,200040000.0,0,10,14,42,0.002903325148727376,0.020855018977981435,0
4.885150909423828,4.909249782562256,4.982250213623047,4.739999771118164,4.754000186920166,664124000.0,1,10,15,42,0.05275286864091,0.02375685644114213,0
4.83141565322876,4.855249881744385,4.980500221252441,4.84375,4.875,428944000.0,2,10,16,42,-0.010999623814147652,0.023896725313075934,0
4.833406448364258,4.857250213623047,4.945250034332275,4.802499771118164,4.900000095367432,263436000.0,3,10,17,42,0.0004119936002024982,0.023405679318978734,0
4.738872051239014,4.762249946594238,4.890500068664551,4.6875,4.857749938964844,307440000.0,4,10,18,42,-0.019558446209413494,0.02313479990781994,0
4.876194477081299,4.90024995803833,4.913750171661377,4.804999828338623,4.823999881744385,261868000.0,0,10,21,43,0.028977901830369746,0.02369692458063275,0
4.866243839263916,4.890250205993652,5.0632500648498535,4.882500171661377,4.957499980926514,328720000.0,1,10,22,43,-0.0020406616254899923,0.02334945757040112,0
4.853307723999023,4.8772501945495605,4.891499996185303,4.775750160217285,4.807750225067139,279916000.0,2,10,23,43,-0.0026583530282681123,0.02256981882398715,0
4.897339344024658,4.921500205993652,4.955249786376953,4.884500026702881,4.918749809265137,232020000.0,3,10,24,43,0.009072737644983286,0.02246850969318184,0
5.08839750289917,5.113500118255615,5.134500026702881,4.994750022888184,5.002500057220459,423092000.0,4,10,25,43,0.039012476729785694,0.02188968143003762,0
5.144372463226318,5.169750213623047,5.222499847412109,5.127999782562256,5.15749979019165,330792000.0,0,10,28,44,0.011000311736889312,0.021870308003994463,0
5.048096656799316,5.072999954223633,5.16225004196167,5.053500175476074,5.155749797821045,211236000.0,1,10,29,44,-0.018714687441660716,0.02264860618609369,0
5.050086975097656,5.074999809265137,5.10575008392334,5.006499767303467,5.099999904632568,205960000.0,2,10,30,44,0.00039421546610474145,0.022501583417595204,0
5.000829219818115,5.0254998207092285,5.074999809265137,4.945250034332275,5.053999900817871,209732000.0,3,10,31,44,-0.009753692692862526,0.020794155288842202,0
5.039887428283691,5.0647501945495605,5.097249984741211,4.964749813079834,4.989999771118164,283640000.0,4,11,1,44,0.007810242809797252,0.020796731178880173,0
5.23666524887085,5.262499809265137,5.275000095367432,5.123000144958496,5.146249771118164,376716000.0,0,11,4,45,0.03904429776781182,0.02206277995431107,0
5.214526653289795,5.240250110626221,5.28849983215332,5.191999912261963,5.262249946594238,300868000.0,1,11,5,45,-0.004227971391038032,0.019536142554064852,0
5.16526985168457,5.1907501220703125,5.2417497634887695,5.102749824523926,5.216000080108643,269012000.0,2,11,6,45,-0.009446111828809833,0.01975289732044517,0
5.1829328536987305,5.208499908447266,5.292500019073486,5.16349983215332,5.277750015258789,280340000.0,3,11,7,45,0.0034195031468542414,0.01972238712724993,0
5.169000148773193,5.194499969482422,5.226250171661377,5.153749942779541,5.191500186920166,189100000.0,4,11,8,45,-0.0026879023156242132,0.019695438347718683,0
5.178950786590576,5.204500198364258,5.227749824523926,5.10699987411499,5.193749904632568,243436000.0,0,11,11,46,0.0019251571740470652,0.01970405440114959,0
5.214526653289795,5.240250110626221,5.296500205993652,5.207749843597412,5.243000030517578,283504000.0,1,11,12,46,0.00686903850502274,0.016315401204771412,0
5.188652992248535,5.214250087738037,5.236499786376953,5.147500038146973,5.208749771118164,300188000.0,2,11,13,46,-0.004961599606755462,0.016089369850051282,0
5.219002723693848,5.244750022888184,5.247000217437744,5.163000106811523,5.223249912261963,518080000.0,3,11,14,46,0.00584934259710157,0.016076919913263273,0
5.079690933227539,5.104750156402588,5.29449987411499,5.015999794006348,5.242499828338623,1053628000.0,4,11,15,46,-0.02669333445343125,0.016693733066035176,0
5.280947685241699,5.307000160217285,5.333749771118164,5.094250202178955,5.097249984741211,574588000.0,0,11,18,47,0.0396199613336663,0.017685063014805862,0
5.174224376678467,5.199749946594238,5.299499988555908,5.141250133514404,5.275750160217285,414564000.0,1,11,19,47,-0.02020919735918303,0.018468615733197344,0
5.253581523895264,5.2795000076293945,5.363749980926514,5.164000034332275,5.176750183105469,472588000.0,2,11,20,47,0.015337287726189919,0.01860434468323458,0
5.228705883026123,5.254499912261963,5.330999851226807,5.232749938964844,5.275000095367432,288388000.0,3,11,21,47,-0.004735314959997017,0.018667483933115,0
5.246369361877441,5.272250175476074,5.323999881744385,5.248499870300293,5.277249813079834,224100000.0,4,11,22,47,0.003378107053097379,0.01668961521880488,0
5.503101825714111,5.530250072479248,5.535250186920166,5.388000011444092,5.401000022888184,506476000.0,0,11,25,48,0.048935442821598896,0.019692407381497367,0
5.398367881774902,5.425000190734863,5.517250061035156,5.418499946594238,5.512499809265137,385244000.0,1,11,26,48,-0.019031667712125833,0.01971139463412515,0
5.43322229385376,5.455999851226807,5.50124979019165,5.429500102996826,5.466750144958496,215784000.0,2,11,27,48,0.0057142229312519,0.01970257744730462,0
5.39587926864624,5.418499946594238,5.453499794006348,5.394499778747559,5.425000190734863,141556000.0,4,11,29,48,-0.006873149863472983,0.019608528470965145,0
5.209410190582275,5.231249809265137,5.425000190734863,5.216000080108643,5.411499977111816,372036000.0,0,12,2,49,-0.03455756005807409,0.021378452732800347,0
5.169826984405518,5.191500186920166,5.195499897003174,5.009250164031982,5.046750068664551,465232000.0,1,12,3,49,-0.007598494393169619,0.01957342636309647,0
5.213642597198486,5.235499858856201,5.297999858856201,5.20674991607666,5.2754998207092285,273424000.0,2,12,4,49,0.008475328970783957,0.019651996974734503,0
5.196713924407959,5.218500137329102,5.273250102996826,5.187749862670898,5.257500171661377,184884000.0,3,12,5,49,-0.0032470102159096736,0.019541480238846904,0
5.282106399536133,5.3042497634887695,5.337250232696533,5.2779998779296875,5.288000106811523,232236000.0,4,12,6,49,0.016431852812704095,0.01985970349566125,0
5.282106399536133,5.3042497634887695,5.359250068664551,5.272500038146973,5.28125,211880000.0,0,12,9,50,0.0,0.01984182873170209,0
5.3271684646606445,5.3495001792907715,5.401500225067139,5.281499862670898,5.334499835968018,256388000.0,1,12,10,50,0.008530973807733933,0.01990885223107032,0
5.410815238952637,5.433499813079834,5.439000129699707,5.357500076293945,5.360000133514404,233796000.0,2,12,11,50,0.015702333110342748,0.020129545777522795,0
5.578363418579102,5.601749897003174,5.619999885559082,5.395500183105469,5.4045000076293945,404348000.0,3,12,12,50,0.030965324323434906,0.021056965352150153,0
5.5763726234436035,5.59975004196167,5.7245001792907715,5.545499801635742,5.604750156402588,454704000.0,4,12,13,50,-0.0003570054140713541,0.02107089725648149,0
5.605250835418701,5.628749847412109,5.701499938964844,5.6192498207092285,5.647500038146973,320976000.0,0,12,16,51,0.005178767843766252,0.019837147704379932,0
5.68342399597168,5.707250118255615,5.730000019073486,5.638000011444092,5.647500038146973,321196000.0,1,12,17,51,0.013946306546132492,0.018251944885088363,0
5.713796138763428,5.737750053405762,5.798500061035156,5.733749866485596,5.742249965667725,343548000.0,2,12,18,51,0.005344068424929738,0.017355212843259426,0
5.861926078796387,5.886499881744385,5.900000095367432,5.767499923706055,5.772500038146973,445360000.0,3,12,19,51,0.02592476614597894,0.01783936533438131,0
5.959266662597656,5.984250068664551,6.009749889373779,5.934000015258789,5.953249931335449,603044000.0,4,12,20,51,0.016605825003635166,0.017826476073918473,0
5.945576190948486,5.9704999923706055,6.045249938964844,5.959750175476074,6.013000011444092,355060000.0,0,12,23,52,-0.0022977108470023655,0.01792659463525937,0
5.940596103668213,5.9654998779296875,5.982749938964844,5.920499801635742,5.954999923706055,138864000.0,1,12,24,52,-0.0008374699685633757,0.014910453455836234,0
5.9547858238220215,5.979750156402588,6.007999897003174,5.949999809265137,5.968999862670898,182852000.0,3,12,26,52,0.0023887819570027613,0.01391241254616496,0
5.897027015686035,5.921750068664551,6.008500099182129,5.895249843597412,5.994999885559082,254644000.0,4,12,27,52,-0.009699416567753416,0.014290906240389832,0
5.783754348754883,5.808000087738037,5.90500020980835,5.776500225067139,5.899750232696533,258056000.0,0,12,30,1,-0.019208845291940224,0.015040565581302099,0
5.8579421043396,5.882500171661377,5.892000198364258,5.7532501220703125,5.772500038146973,231004000.0,1,12,31,1,0.012827149242064628,0.012175242492724645,0
5.972710132598877,5.9977498054504395,5.9977498054504395,5.918000221252441,5.96875,237536000.0,3,1,2,1,0.019591947373715612,0.012100160351011928,0
5.87711238861084,5.901750087738037,5.9457502365112305,5.852499961853027,5.877500057220459,205384000.0,4,1,3,1,-0.016005955704448183,0.013167612499969531,0
5.90175724029541,5.926499843597412,5.9317498207092285,5.781750202178955,5.808000087738037,262636000.0,0,1,6,2,0.004193629938820553,0.012993913677521606,0
5.973208904266357,5.9982500076293945,6.044250011444092,5.909749984741211,5.954999923706055,314856000.0,1,1,7,2,0.012106667666497373,0.012854482443595373,0
5.98441219329834,6.009500026702881,6.051000118255615,5.953750133514404,5.99399995803833,277108000.0,2,1,8,2,0.0018755502120080259,0.012813300686510092,0
6.050135612487793,6.075500011444092,6.148250102996826,6.021500110626221,6.096250057220459,255112000.0,3,1,9,2,0.010982608278216732,0.012847059248710383,0
6.082500457763672,6.107999801635742,6.213749885559082,6.09375,6.1832499504089355,316296000.0,4,1,10,2,0.005349319419049037,0.012662363684827208,0
6.273200511932373,6.299499988555908,6.324749946594238,6.168749809265137,6.191500186920166,319840000.0,0,1,13,3,0.031352356440627505,0.012702847306905227,0
6.156191349029541,6.182000160217285,6.2820000648498535,6.168749809265137,6.256499767303467,359088000.0,1,1,14,3,-0.018652246773883774,0.013793817893827848,0
6.113620281219482,6.139249801635742,6.217249870300293,6.113249778747559,6.19474983215332,263104000.0,2,1,15,3,-0.006915295612033856,0.014050503323782866,0
6.197269439697266,6.223249912261963,6.229249954223633,6.16949987411499,6.192999839782715,284192000.0,3,1,16,3,0.01368247152996438,0.014041232636937248,0
6.205982685089111,6.23199987411499,6.25,6.1842498779296875,6.242499828338623,253792000.0,4,1,17,3,0.00140601164606724,0.014055350853706133,0
6.172623157501221,6.198500156402588,6.232250213623047,6.164249897003174,6.195250034332275,217916000.0,1,1,21,4,-0.005375436198506001,0.01323142354258899,0
6.226644992828369,6.252749919891357,6.339749813079834,6.224999904632568,6.24399995803833,239240000.0,2,1,22,4,0.008752079070730279,0.012908621362943497,0
6.295109272003174,6.321499824523926,6.329999923706055,6.203750133514404,6.293000221252441,244516000.0,3,1,23,4,0.0109951470174523,0.013002615832956494,0
6.235857963562012,6.26200008392334,6.487500190734863,6.207499980926514,6.4375,373512000.0,4,1,24,4,-0.009412282251398563,0.013272316543163158,0
5.9799299240112305,6.005000114440918,6.056250095367432,5.805749893188477,5.955999851226807,470536000.0,0,1,27,5,-0.041041195470793324,0.016462822291866807,0
6.17336893081665,6.199250221252441,6.231750011444092,6.017749786376953,6.071249961853027,310976000.0,1,1,28,5,0.03234806046787364,0.01774790490705057,0
6.112873077392578,6.138500213623047,6.2210001945495605,6.098499774932861,6.184750080108643,258848000.0,2,1,29,5,-0.00979957340988269,0.017261813184027096,0
6.119595050811768,6.145249843597412,6.158750057220459,5.985000133514404,6.040249824523926,290504000.0,3,1,30,5,0.0010995568525657973,0.017105795080159858,0
5.886073112487793,5.910749912261963,6.111249923706055,5.868750095367432,6.099249839782715,370420000.0,4,1,31,5,-0.03815954392477128,0.018825847820879163,0
5.9831671714782715,6.0082502365112305,6.027750015258789,5.886250019073486,5.892499923706055,255564000.0,0,2,3,6,0.016495423710450208,0.01882522112410911,0
6.152456283569336,6.178249835968018,6.197500228881836,6.100500106811523,6.150750160217285,271544000.0,1,2,4,6,0.02829436071482605,0.019783083926185625,0
6.242827892303467,6.269000053405762,6.309999942779541,6.1852498054504395,6.299749851226807,208220000.0,2,2,5,6,0.014688661003869008,0.01985893896549242,0
6.329713344573975,6.356249809265137,6.356249809265137,6.2220001220703125,6.303500175476074,218284000.0,3,2,6,6,0.013917651159051303,0.020024121262652704,0
6.263491630554199,6.289750099182129,6.338250160217285,6.264249801635742,6.315999984741211,189752000.0,4,2,7,6,-0.010462098262103425,0.02014796965044203,0
6.546803951263428,6.574250221252441,6.574999809265137,6.307499885559082,6.3125,529608000.0,0,2,10,7,0.04523234112390351,0.022357015893796163,0
6.669290065765381,6.697249889373779,6.8125,6.6207499504089355,6.683000087738037,638556000.0,1,2,11,7,0.018709307370705197,0.021709981766159674,0
6.7850565910339355,6.813499927520752,6.820000171661377,6.711249828338623,6.750249862670898,374644000.0,2,2,12,7,0.0173578767504885,0.02128347162994296,0
6.741237640380859,6.769499778747559,6.836999893188477,6.727749824523926,6.755249977111816,528016000.0,3,2,13,7,-0.006457789570888495,0.021270130235890167,0
7.214504241943359,7.244750022888184,7.3742499351501465,7.150000095367432,7.18149995803833,1041924000.0,4,2,14,7,0.07020463249480335,0.025751479333242035,0
7.383297920227051,7.414249897003174,7.432750225067139,7.121500015258789,7.140999794006348,620164000.0,1,2,18,8,0.02339623500872956,0.02592669194043571,0
7.834654808044434,7.867499828338623,7.885250091552734,7.53725004196167,7.53725004196167,694332000.0,2,2,19,8,0.06113227064529503,0.028150367075462458,0
7.685279846191406,7.71750020980835,7.9079999923706055,7.408750057220459,7.819250106811523,810052000.0,3,2,20,8,-0.019065728859627873,0.02901228547344989,0
7.3210577964782715,7.351749897003174,7.630000114440918,7.266499996185303,7.604750156402588,768180000.0,4,2,21,8,-0.04739232949295358,0.03181250624144213,0
6.803477764129639,6.831999778747559,7.046750068664551,6.699999809265137,6.754749774932861,856916000.0,0,2,24,9,-0.07069747006321359,0.03622854398737164,0
6.523900985717773,6.551249980926514,6.969749927520752,6.448999881744385,6.90749979019165,1055496000.0,1,2,25,9,-0.04109335581280005,0.03623203379338763,0
6.663315773010254,6.691249847412109,6.886250019073486,6.550000190734863,6.551499843597412,747732000.0,2,2,26,9,0.021369947245669874,0.035877130880012896,0
6.292398452758789,6.315000057220459,6.675000190734863,6.222249984741211,6.372499942779541,906416000.0,3,2,27,9,-0.056230121243666886,0.03826938635219915,0
6.727584362030029,6.7517499923706055,6.811500072479248,6.044750213623047,6.061500072479248,1133252000.0,4,2,28,9,0.06916071752854136,0.04109589726739994,0
6.88601541519165,6.910749912261963,6.9397501945495605,6.525000095367432,6.922500133514404,890744000.0,0,3,2,10,0.023549438304295345,0.03994426033587421,0
6.623458385467529,6.647250175476074,7.026750087738037,6.561500072479248,6.966750144958496,652792000.0,1,3,3,10,-0.038128964313750235,0.04122339821457936,0
7.087292671203613,7.112750053405762,7.122250080108643,6.679999828338623,6.755000114440918,597408000.0,2,3,4,10,0.07002893913141284,0.04341602556434302,0
6.807796478271484,6.832250118255615,7.079999923706055,6.787499904632568,6.912499904632568,540328000.0,3,3,5,10,-0.039436214269308656,0.04464410994262155,0
6.627195358276367,6.651000022888184,6.709750175476074,6.449999809265137,6.6519999504089355,515412000.0,4,3,6,10,-0.026528609496179856,0.045144316384901864,1
6.114039421081543,6.136000156402588,6.485000133514404,5.954500198364258,5.997499942779541,614160000.0,0,3,9,11,-0.07743194477722437,0.0485674424264579,1
6.503639221191406,6.5269999504089355,6.5269999504089355,6.149750232696533,6.41349983215332,580648000.0,1,3,10,11,0.0637222594589344,0.04964022764249269,1
6.139695644378662,6.161749839782715,6.414999961853027,6.0642499923706055,6.386499881744385,499964000.0,2,3,11,11,-0.05595987642122424,0.05101203179247929,1
5.388394832611084,5.407750129699707,5.9029998779296875,5.394999980926514,5.636499881744385,816540000.0,3,3,12,11,-0.12236778994416242,0.057271900440800355,1
5.999451160430908,6.020999908447266,6.0254998207092285,5.490250110626221,5.762499809265137,634836000.0,4,3,13,11,0.11340201822187601,0.06357642194495164,1
4.892426013946533,4.909999847412109,5.652500152587891,4.849999904632568,5.3102498054504395,726972000.0,0,3,16,12,-0.1845208566564599,0.07279245517801591,1
5.412308692932129,5.4317498207092285,5.521500110626221,4.775000095367432,5.022749900817871,833632000.0,1,3,17,12,0.10626272698809047,0.07740438635915135,1
5.0523529052734375,5.070499897003174,5.248499870300293,4.517000198364258,5.002500057220459,874268000.0,2,3,18,12,-0.0665070991172576,0.07626647721719064,1
5.305194854736328,5.324250221252441,5.41825008392334,4.834750175476074,5.048999786376953,765512000.0,3,3,19,12,0.05004443928679336,0.07780829854932304,1
5.125339984893799,5.143750190734863,5.757999897003174,5.1282501220703125,5.474999904632568,804636000.0,4,3,20,12,-0.033901492795565535,0.07757482245531905,1
5.298218250274658,5.317249774932861,5.4120001792907715,4.9629998207092285,5.142749786376953,643876000.0,0,3,23,13,0.03373017307693371,0.0771249530629164,1
6.207204818725586,6.229499816894531,6.316500186920166,5.701250076293945,5.724999904632568,1101644000.0,1,3,24,13,0.17156426359022947,0.08662066261441702,1
6.118523120880127,6.140500068664551,6.545499801635742,6.0914998054504395,6.34499979019165,793432000.0,2,3,25,13,-0.014286820907934095,0.08654822903378044,1
6.407982349395752,6.431000232696533,6.555500030517578,6.25,6.348499774932861,696108000.0,3,3,26,13,0.04730887725487176,0.08614701462054183,1
6.29563570022583,6.3182501792907715,6.578000068664551,6.2170000076293945,6.25,638828000.0,4,3,27,13,-0.01753227325860096,0.084893406494176,1
6.615985870361328,6.639750003814697,6.64900016784668,6.339749813079834,6.383999824523926,602252000.0,0,3,30,14,0.050884313757897814,0.08550776061096788,1
6.566413879394531,6.590000152587891,6.885000228881836,6.443749904632568,6.679999828338623,949960000.0,1,3,31,14,-0.0074927295753942635,0.08503324135564798,1
6.055001735687256,6.076749801635742,6.538249969482422,6.0320000648498535,6.391250133514404,656912000.0,2,4,1,14,-0.07788320774933444,0.08533285740069166,1
6.363891124725342,6.386750221252441,6.400000095367432,6.057750225067139,6.105999946594238,675764000.0,3,4,2,14,0.051014181879473375,0.08577101903403365,1
6.075925350189209,6.097750186920166,6.390749931335449,5.959750175476074,6.348999977111816,663212000.0,4,4,3,14,-0.045249935306786226,0.08617898830484531,1
6.685983180999756,6.710000038146973,6.747000217437744,6.323249816894531,6.38100004196167,727884000.0,0,4,6,15,0.10040585994160578,0.08702213453723001,1
6.452572822570801,6.475749969482422,6.956250190734863,6.432499885559082,6.932499885559082,784520000.0,1,4,7,15,-0.034910591256753665,0.08649920065505812,1
6.649864673614502,6.673749923706055,6.698750019073486,6.514999866485596,6.585249900817871,542444000.0,2,4,8,15,0.030575602078018127,0.08554321762273628,1
6.550221920013428,6.573750019073486,6.822999954223633,6.510499954223633,6.800000190734863,525564000.0,3,4,9,15,-0.01498406529698626,0.08016191889915932,1
6.722103595733643,6.746250152587891,6.755000114440918,6.425000190734863,6.513750076293945,398408000.0,0,4,13,16,0.026240750410937652,0.07670501576320181,1
7.073343276977539,7.098750114440918,7.132999897003174,6.847249984741211,6.875,530948000.0,1,4,14,16,0.0522512438584577,0.0622497319750428,1
6.995870590209961,7.020999908447266,7.104249954223633,6.884500026702881,6.929999828338623,366148000.0,2,4,15,16,-0.01095266134745132,0.05918023448387133,1
7.341131687164307,7.367499828338623,7.474999904632568,7.163750171661377,7.177000045776367,745620000.0,3,4,16,16,0.04935193340117672,0.05643876531946728,1
7.2818450927734375,7.308000087738037,7.471499919891357,7.173500061035156,7.449999809265137,539120000.0,4,4,17,16,-0.008075974480749037,0.0563232910853826,1
7.150565147399902,7.176249980926514,7.337500095367432,7.131750106811523,7.181000232696533,449388000.0,0,4,20,17,-0.018028202686065198,0.05567035230189631,1
6.713634014129639,6.737750053405762,7.1192498207092285,6.677750110626221,7.057750225067139,735160000.0,1,4,21,17,-0.06110432728600934,0.058256342985074344,1
7.128145694732666,7.153749942779541,7.196750164031982,6.885000228881836,6.930749893188477,483356000.0,2,4,22,17,0.06174166243574164,0.0465732018529071,1
7.074836254119873,7.100249767303467,7.328499794006348,7.074999809265137,7.196000099182129,424160000.0,3,4,23,17,-0.007478619731470126,0.04642666073415497,1
7.213837623596191,7.239749908447266,7.2417497634887695,7.014999866485596,7.090000152587891,352328000.0,4,4,24,17,0.01964721604389119,0.045608342103189835,0
7.400418281555176,7.427000045776367,7.587500095367432,7.349999904632568,7.374750137329102,479388000.0,0,4,27,18,0.0258641720635433,0.04541563281573697,0
7.257929801940918,7.283999919891357,7.605000019073486,7.278500080108643,7.574999809265137,442904000.0,1,4,28,18,-0.01925408980794774,0.044721232409903264,0
7.4347944259643555,7.46150016784668,7.514500141143799,7.34375,7.419250011444092,379160000.0,2,4,29,18,0.024368513166865835,0.04479831396910264,0
7.28084659576416,7.307000160217285,7.46150016784668,7.293000221252441,7.407249927520752,375916000.0,3,4,30,18,-0.020706292857188502,0.04072350410101861,0
7.044197082519531,7.069499969482422,7.222499847412109,7.020999908447266,7.108749866485596,342096000.0,4,5,1,18,-0.03250310462943806,0.04058211223856398,0
7.256185531616211,7.282249927520752,7.296000003814697,7.021999835968018,7.021999835968018,317556000.0,0,5,4,19,0.03009406025273753,0.03905629136801869,0
7.3172173500061035,7.343500137329102,7.506750106811523,7.282249927520752,7.386750221252441,368896000.0,1,5,5,19,0.008410890922168957,0.03270283761996177,0
7.41810417175293,7.44474983215332,7.550000190734863,7.385250091552734,7.423250198364258,323464000.0,2,5,6,19,0.013787661596074363,0.031357999620973964,0
7.594470500946045,7.6217498779296875,7.6852498054504395,7.5329999923706055,7.584499835968018,373732000.0,3,5,7,19,0.023775150242378418,0.03113022812358473,0
7.784538269042969,7.8125,7.818749904632568,7.659749984741211,7.693749904632568,339216000.0,4,5,8,19,0.02502707713128549,0.03091974022331564,0
8.036633491516113,8.065500259399414,8.112500190734863,7.778749942779541,7.807499885559082,469060000.0,0,5,11,20,0.03238403320312511,0.031128553038688195,0
7.77457332611084,7.802499771118164,8.172499656677246,7.792749881744385,8.123499870300293,493060000.0,1,5,12,20,-0.0326080813120988,0.030765871787996838,0
7.7521538734436035,7.78000020980835,8.078499794006348,7.594749927520752,7.917500019073486,625852000.0,2,5,13,20,-0.002883634984918393,0.030595517965432882,0
8.001760482788086,8.030500411987305,8.03600025177002,7.6875,7.841750144958496,602312000.0,3,5,14,20,0.032197968563438595,0.02952591203605285,0
8.460360527038574,8.490750312805176,8.500499725341797,7.874000072479248,7.889750003814697,987660000.0,4,5,15,20,0.0573127298680971,0.031581648426234565,0
8.718932151794434,8.750249862670898,8.916500091552734,8.680500030517578,8.760499954223633,774460000.0,0,5,18,21,0.03056261700151075,0.03134186975217978,0
8.7739839553833,8.805500030517578,9.087499618530273,8.762749671936035,8.790249824523926,717320000.0,1,5,19,21,0.006314124592302184,0.02649351582710521,0
8.937895774841309,8.970000267028809,9.043000221252441,8.888750076293945,8.991000175476074,587536000.0,2,5,20,21,0.018681532671752432,0.0240275846063502,0
8.743841171264648,8.775250434875488,9.052499771118164,8.737500190734863,9.05150032043457,761068000.0,3,5,21,21,-0.021711240396409592,0.024821576844553498,0
8.99394416809082,9.026249885559082,9.093000411987305,8.713250160217285,8.825249671936035,1038764000.0,4,5,22,21,0.02860310968289248,0.025066539818700728,0
8.686548233032227,8.71774959564209,9.181750297546387,8.67199993133545,9.156749725341797,770780000.0,1,5,26,22,-0.03417812422970423,0.02677832804462257,0
8.49473762512207,8.525250434875488,8.632749557495117,7.9967498779296875,8.625,1175892000.0,2,5,27,22,-0.022081290435645218,0.026938885045783286,0
8.456624984741211,8.487000465393066,8.760499954223633,8.379249572753906,8.412249565124512,734896000.0,3,5,28,22,-0.004486668136568395,0.02680211375455237,0
8.843733787536621,8.875499725341797,8.875499725341797,8.484999656677246,8.554499626159668,745256000.0,4,5,29,22,0.04577580283315541,0.02732868752683441,0
8.774731636047363,8.806249618530273,8.840749740600586,8.689499855041504,8.833250045776367,389876000.0,0,6,1,23,-0.007802389606727966,0.02581725097344088,0
8.793663024902344,8.825249671936035,8.837249755859375,8.657999992370605,8.796250343322754,391320000.0,1,6,2,23,0.0021575647101554907,0.025504083264812502,0
8.738112449645996,8.769499778747559,8.866250038146973,8.699999809265137,8.822250366210938,365440000.0,2,6,3,23,-0.006317089630422434,0.02576254158785331,0
8.739109992980957,8.766500473022461,8.943249702453613,8.677499771118164,8.727999687194824,424280000.0,3,6,4,23,-0.00034201559960878036,0.025824514348584036,0
8.892128944396973,8.920000076293945,8.996999740600586,8.708000183105469,8.794500350952148,481748000.0,4,6,5,23,0.017509792390230983,0.025667230300327554,0
8.777490615844727,8.805000305175781,8.889749526977539,8.685750007629395,8.877249717712402,387736000.0,0,6,8,24,-0.012892350911945738,0.025759627001625412,0
9.017736434936523,9.045999526977539,9.109749794006348,8.751250267028809,8.800000190734863,468488000.0,1,6,9,24,0.02737072270856067,0.025515784218843998,0
9.337482452392578,9.36674976348877,9.5,9.153499603271484,9.167750358581543,632180000.0,2,6,10,24,0.035457688844076296,0.02461014013755283,0
8.768768310546875,8.796250343322754,9.261249542236328,8.78600025177002,9.149999618530273,583652000.0,3,6,11,24,-0.06090687106746462,0.029144468483244788,0
8.90459156036377,8.932499885559082,9.187250137329102,8.70324993133545,9.162500381469727,570908000.0,4,6,12,24,0.015489502562845425,0.028605405782104652,0
9.145087242126465,9.173749923706055,9.182250022888184,8.743749618530273,8.815250396728516,400004000.0,0,6,15,25,0.02700812104537431,0.026450476493373686,0
9.040167808532715,9.068499565124512,9.26675033569336,8.838749885559082,9.225000381469727,535716000.0,1,6,16,25,-0.011472991901552043,0.025910905373013816,0
9.207143783569336,9.236000061035156,9.298999786376953,9.070249557495117,9.113750457763672,408304000.0,2,6,17,25,0.01847058542681257,0.026156169129871547,0
9.189200401306152,9.218000411987305,9.282500267028809,9.114500045776367,9.22700023651123,254408000.0,3,6,18,25,-0.0019488576146494685,0.02589896170082466,0
9.23231315612793,9.261249542236328,9.444999694824219,9.227250099182129,9.242500305175781,524160000.0,4,6,19,25,0.004691812574968202,0.025309828547117205,0
9.496984481811523,9.526749610900879,9.53125,9.273249626159668,9.300000190734863,398468000.0,0,6,22,26,0.02866784524633803,0.025313278353134145,0
9.420472145080566,9.449999809265137,9.642499923706055,9.407500267028809,9.550999641418457,375108000.0,1,6,23,26,-0.008056242136134428,0.02392965893465979,0
9.206645965576172,9.23550033569336,9.556500434875488,9.144499778747559,9.476249694824219,449372000.0,2,6,24,26,-0.02269835744985671,0.023965853778141272,0
9.460348129272461,9.489999771118164,9.505000114440918,9.182250022888184,9.35575008392334,376072000.0,3,6,25,26,0.0275566483865759,0.024415534012271554,0
9.126398086547852,9.154999732971191,9.5,9.125,9.5,592084000.0,4,6,26,26,-0.03530032099331659,0.02417337459347778,0
9.171256065368652,9.199999809265137,9.204500198364258,8.899999618530273,9.169750213623047,342248000.0,0,6,29,27,0.00491535528197562,0.024073662998684145,0
9.468077659606934,9.497750282287598,9.526249885559082,9.266500473022461,9.314000129699707,367892000.0,1,6,30,27,0.03236418252124329,0.02498351613173666,0
9.500223159790039,9.529999732971191,9.575750350952148,9.413000106811523,9.520750045776367,326648000.0,2,7,1,27,0.003395483111799269,0.024866985390544924,0
9.58221435546875,9.612250328063965,9.737500190734863,9.57824993133545,9.638999938964844,364056000.0,3,7,2,27,0.008630702769928611,0.02485665289343191,0
9.80850601196289,9.839249610900879,9.9087495803833,9.712499618530273,9.74174976348877,315892000.0,0,7,6,28,0.023615623302502442,0.025056210658772893,0
9.84090518951416,9.871749877929688,10.069999694824219,9.850749969482422,9.946249961853027,357800000.0,1,7,7,28,0.003303124558686088,0.024699275728067183,0
10.18407917022705,10.215999603271484,10.225000381469727,9.965499877929688,9.993749618530273,365480000.0,2,7,8,28,0.03487220904081423,0.025094241171076188,0
10.476164817810059,10.508999824523926,10.569999694824219,10.233499526977539,10.380249977111816,494548000.0,3,7,9,28,0.028680523945851855,0.024724280913036994,0
10.44650936126709,10.479249954223633,10.65524959564209,10.37874984741211,10.588749885559082,497676000.0,4,7,10,28,-0.0028308945472497182,0.019248927585091134,0
10.020840644836426,10.052249908447266,10.79224967956543,10.024999618530273,10.595000267028809,457076000.0,0,7,13,29,-0.0407471954234917,0.02213690888975714,0
10.34457778930664,10.376999855041504,10.402750015258789,9.785499572753906,10.074999809265137,542676000.0,1,7,14,29,0.03230619508587229,0.022429341263045976,0
10.195295333862305,10.227250099182129,10.432999610900879,10.055749893188477,10.414250373840332,403984000.0,2,7,15,29,-0.014430929743785348,0.02256289553905043,0
10.103086471557617,10.134750366210938,10.20674991607666,9.895500183105469,10.015000343322754,344964000.0,3,7,16,29,-0.009044438346001549,0.02261878929065585,0
10.169628143310547,10.201499938964844,10.248499870300293,10.087750434875488,10.225500106811523,266284000.0,4,7,17,29,0.006586207882973483,0.02256327492603638,0
10.477911949157715,10.510749816894531,10.53125,10.156749725341797,10.274250030517578,284852000.0,0,7,20,30,0.03031415770033008,0.023242673481245976,0
10.296229362487793,10.328499794006348,10.5600004196167,10.286749839782715,10.512999534606934,277036000.0,1,7,21,30,-0.017339393103548373,0.023220846477017665,0
10.406135559082031,10.438750267028809,10.602499961853027,10.291500091552734,10.367500305175781,367292000.0,2,7,22,30,0.010674393689434014,0.02307332399828682,0
10.098098754882812,10.12975025177002,10.54699993133545,10.03125,10.449999809265137,411660000.0,3,7,23,30,-0.029601246064366316,0.02355975774085283,0
10.16264820098877,10.194499969482422,10.364749908447266,9.777000427246094,9.875,473292000.0,4,7,24,30,0.006392034956744119,0.022955928516431055,0
10.388938903808594,10.421500205993652,10.441749572753906,10.21774959564209,10.232250213623047,292132000.0,0,7,27,31,0.02226693189374296,0.021342644086992782,0
10.18358039855957,10.215499877929688,10.381999969482422,10.209250450134277,10.374250411987305,271636000.0,1,7,28,31,-0.01976685928053712,0.022150569767396253,0
10.432801246643066,10.465499877929688,10.516249656677246,10.347000122070312,10.39074993133545,284508000.0,2,7,29,31,0.02447261543609014,0.021712457760106035,0
10.58083724975586,10.61400032043457,10.623000144958496,10.295249938964844,10.375,308880000.0,3,7,30,31,0.014189522166834001,0.021802154351612153,0
10.581583976745605,10.614749908447266,10.766500473022461,10.432999610900879,10.563249588012695,386080000.0,4,7,31,31,7.062257302292707e-05,0.021824099326644367,0
10.975848197937012,11.010250091552734,11.098750114440918,10.715250015258789,10.732500076293945,412720000.0,0,8,3,32,0.037259491416818724,0.022628493777680173,0
11.192670822143555,11.227749824523926,11.227749824523926,10.906000137329102,11.050000190734863,310336000.0,1,8,4,32,0.019754295421323897,0.022827966548339875,0
11.251484870910645,11.286749839782715,11.371749877929688,11.166250228881836,11.244000434875488,249924000.0,2,8,5,32,0.005254838786122651,0.021843935104078383,0
11.30008316040039,11.33549976348877,11.357999801635742,11.178750038146973,11.349749565124512,244316000.0,3,8,6,32,0.004319217170404954,0.021134758569960953,0
11.164508819580078,11.19950008392334,11.50475025177002,11.037500381469727,11.3125,342516000.0,4,8,7,32,-0.011997678302943404,0.021388679669983972,0
11.130117416381836,11.164999961853027,11.408249855041504,10.856499671936035,11.334250450134277,427796000.0,0,8,10,33,-0.003080505541478318,0.01878279311698879,0
10.816100120544434,10.850000381469727,11.136750221252441,10.79574966430664,11.073749542236328,354512000.0,1,8,11,33,-0.02821312865737091,0.019097355369316612,0
11.404508590698242,11.440250396728516,11.467000007629395,10.958250045776367,10.990750312805176,464412000.0,2,8,12,33,0.05440092115267148,0.02190030448247424,0
11.407245635986328,11.442999839782715,11.721750259399414,11.35575008392334,11.545999526977539,374460000.0,3,8,13,33,0.00024033067099527017,0.021665202328442403,0
11.527870178222656,11.564000129699707,11.704750061035156,11.440500259399414,11.529999732971191,366436000.0,4,8,14,33,0.010574175619256998,0.02168622148474777,0
12.298454284667969,12.336999893188477,12.409749984741211,11.81725025177002,11.851249694824219,621300000.0,0,8,17,34,0.06684536101858751,0.025071055887593365,0
12.222442626953125,12.260749816894531,12.496000289916992,12.086250305175781,12.449999809265137,503448000.0,1,8,18,34,-0.00618060119592323,0.024589132729943643,0
12.100574493408203,12.138500213623047,12.3149995803833,12.097999572753906,12.296500205993652,622624000.0,2,8,19,34,-0.00997080970553954,0.024941270668055026,0
12.103068351745605,12.140999794006348,12.375,11.87874984741211,11.975000381469727,921388000.0,3,8,20,34,0.00020592168219391027,0.023429627268385825,0
12.64387321472168,12.683500289916992,12.80875015258789,12.195249557495117,12.201749801635742,999868000.0,4,8,21,34,0.04468334610947444,0.024704831501336063,0
12.680509567260742,12.720250129699707,12.912500381469727,12.507499694824219,12.883749961853027,490564000.0,0,8,24,35,0.0028974525125315953,0.02463044121080793,0
12.710164070129395,12.75,12.761249542236328,12.573749542236328,12.630749702453613,289076000.0,1,8,25,35,0.0023387802910284083,0.023688257975029558,0
12.73309326171875,12.77299976348877,12.868499755859375,12.677749633789062,12.799249649047852,321244000.0,2,8,26,35,0.0018039030187271266,0.02357204130091534,0
12.588794708251953,12.628250122070312,12.850000381469727,12.566499710083008,12.781499862670898,317604000.0,3,8,27,35,-0.011332470374909032,0.02403495848835369,0
13.106671333312988,13.147749900817871,13.14799976348877,12.642499923706055,12.675000190734863,537160000.0,4,8,28,35,0.04113790697252906,0.024968622627642177,0
13.33271312713623,13.374500274658203,13.574999809265137,13.037750244140625,13.18274974822998,500840000.0,0,8,31,36,0.01724632545879401,0.024253618600235914,0
13.781940460205078,13.821000099182129,13.993749618530273,13.43649959564209,13.479999542236328,511316000.0,1,9,1,36,0.03338441178022533,0.02472762509639236,0
14.30595588684082,14.346500396728516,14.726750373840332,13.899999618530273,14.703749656677246,874012000.0,2,9,2,36,0.03802187206246277,0.025421682614086324,0
12.978714942932129,13.01550006866455,13.884499549865723,12.87874984741211,13.828749656677246,945128000.0,3,9,3,36,-0.09277526164969663,0.0346391854702544,0
12.58682632446289,12.6225004196167,13.175000190734863,11.704750061035156,12.7837495803833,1463684000.0,4,9,4,36,-0.03019474065341654,0.035409028422960155,0
11.879331588745117,11.913000106811523,12.550000190734863,11.70425033569336,11.73449993133545,795728000.0,1,9,8,37,-0.056209173239759824,0.03806677665237784,0
12.67906379699707,12.71500015258789,12.809249877929688,12.231749534606934,12.399999618530273,736200000.0,2,9,9,37,0.06732141682075587,0.03977472716608043,0
12.276955604553223,12.311750411987305,13.065250396728516,12.166999816894531,12.989250183105469,698684000.0,3,9,10,37,-0.031714489639114385,0.0392269336422681,0
12.130123138427734,12.16450023651123,12.65250015258789,11.895750045776367,12.48550033569336,636928000.0,4,9,11,37,-0.01196013325064682,0.03938981805306496,0
12.835870742797852,12.872249603271484,13.3149995803833,12.631250381469727,13.081000328063965,1201744000.0,0,9,14,38,0.05818154079490867,0.041216469963843594,0
12.9542875289917,12.991000175476074,13.298749923706055,12.827750205993652,13.279999732971191,727556000.0,1,9,15,38,0.009225316154094054,0.0386896472309481,0
12.479132652282715,12.51449966430664,13.09274959564209,12.513750076293945,12.957249641418457,556384000.0,2,9,16,38,-0.036679278326002485,0.03967179611862061,0
12.428276062011719,12.463500022888184,12.589750289916992,12.034749984741211,12.13224983215332,792512000.0,3,9,17,38,-0.004075244139717049,0.03960172393265716,0
12.154799461364746,12.189249992370605,12.632499694824219,11.988750457763672,12.59375,698460000.0,4,9,18,38,-0.02200425482520485,0.03996663288117288,0
12.4818754196167,12.517250061035156,12.522500038146973,11.904500007629395,11.925000190734863,721044000.0,0,9,21,39,0.02690896231268125,0.03913223006036154,0
12.602033615112305,12.637749671936035,12.64799976348877,12.155500411987305,12.574999809265137,646452000.0,1,9,22,39,0.009626684001143415,0.039186655952955306,0
12.089486122131348,12.123749732971191,12.72700023651123,12.07925033569336,12.575499534606934,647012000.0,2,9,23,39,-0.04067179302548263,0.04024138228507831,0
12.313101768493652,12.347999572753906,12.569499969482422,12.013999938964844,12.072250366210938,731240000.0,3,9,24,39,0.01849673943473573,0.04049104688260222,0
12.83736801147461,12.873749732971191,12.883500099182129,12.245750427246094,12.447500228881836,588016000.0,4,9,25,39,0.04257775983223744,0.04154103246298335,0
12.998161315917969,13.03499984741211,13.051750183105469,12.75,13.040249824523926,573808000.0,0,9,28,40,0.012525497060731139,0.04059665355295041,0
13.188374519348145,13.225749969482422,13.442749977111816,12.933250427246094,12.9375,621460000.0,1,9,29,40,0.014633688093842467,0.0405436312126992,0
13.492263793945312,13.530500411987305,13.6225004196167,13.150250434875488,13.157500267028809,689184000.0,2,9,30,40,0.023042205032461238,0.04016268784896724,0
13.576025009155273,13.614500045776367,13.762749671936035,13.460749626159668,13.758000373840332,525004000.0,3,10,1,40,0.006208169042635214,0.03918368044131226,0
13.025334358215332,13.062250137329102,13.519499778747559,13.050999641418457,13.225000381469727,552496000.0,4,10,2,40,-0.040563363075428516,0.03423577168726438,0
13.603944778442383,13.642499923706055,13.64424991607666,13.222749710083008,13.236000061035156,479820000.0,0,10,5,41,0.044421885990280074,0.03474975883861785,0
13.697678565979004,13.736499786376953,14.142000198364258,13.664999961853027,13.829999923706055,784420000.0,1,10,6,41,0.0068902227008671435,0.03168003554729654,0
13.924534797668457,13.96399974822998,14.119250297546387,13.863499641418457,13.999750137329102,418084000.0,2,10,7,41,0.016561712619007185,0.028521176878776748,0
13.799638748168945,13.838749885559082,14.084500312805176,13.758000373840332,14.074999809265137,378900000.0,3,10,8,41,-0.008969483309162474,0.02740851523294162,0
13.72385311126709,13.762749671936035,13.824250221252441,13.660750389099121,13.767000198364258,346892000.0,4,10,9,41,-0.0054918409720197126,0.02722023285499457,0
14.185797691345215,14.22599983215332,14.347000122070312,13.912500381469727,13.989500045776367,434744000.0,0,10,12,42,0.03365970981524935,0.025252988387743452,0
14.20798397064209,14.248250007629395,14.34850025177002,14.018750190734863,14.296500205993652,344604000.0,1,10,13,42,0.0015640500308304883,0.02524867602313876,0
14.055415153503418,14.095250129699707,14.34274959564209,13.960000038146973,14.290499687194824,276100000.0,2,10,14,42,-0.010738152253628508,0.023611736733940483,0
13.930517196655273,13.970000267028809,14.005749702453613,13.767749786376953,13.810750007629395,267224000.0,3,10,15,42,-0.008885962399985181,0.023746364541403872,0
13.772464752197266,13.81149959564209,14.121500015258789,13.792499542236328,14.036749839782715,242392000.0,4,10,16,42,-0.01134578871560965,0.023198327904654897,0
13.459602355957031,13.497750282287598,13.983499526977539,13.406749725341797,13.902999877929688,298068000.0,0,10,19,43,-0.02271652771531696,0.023554269748412612,0
13.606934547424316,13.645500183105469,13.799750328063965,13.506999969482422,13.583499908447266,229212000.0,1,10,20,43,0.010946261245605937,0.02357257978084643,0
13.486527442932129,13.524749755859375,13.791500091552734,13.477499961853027,13.625,219596000.0,2,10,21,43,-0.008849102314006374,0.021361221697018675,0
13.323240280151367,13.361000061035156,13.611749649047852,13.231749534606934,13.522500038146973,290480000.0,3,10,22,43,-0.012107410324045165,0.021491922309245882,0
13.551840782165527,13.590250015258789,13.593250274658203,13.291250228881836,13.449999809265137,233484000.0,4,10,23,43,0.017158143340796572,0.01978474567758063,0
13.104111671447754,13.141249656677246,13.692749977111816,13.03849983215332,13.427000045776367,336896000.0,0,10,26,44,-0.033038417842013,0.021191045384166062,0
13.35888671875,13.396750450134277,13.442000389099121,13.191499710083008,13.305999755859375,250520000.0,1,10,27,44,0.019442655769591033,0.021384832193755452,0
12.591314315795898,12.626999855041504,13.260000228881836,12.609000205993652,13.197999954223633,376520000.0,2,10,28,44,-0.057458008041424535,0.024358881141819014,0
12.987194061279297,13.02400016784668,13.192749977111816,12.75,12.838500022888184,320080000.0,3,10,29,44,0.031440589004732455,0.02549678187965764,0
12.498578071594238,12.534000396728516,12.93649959564209,12.300000190734863,12.850000381469727,416820000.0,4,10,30,44,-0.03762283206413519,0.025269586220725903,0
12.545194625854492,12.580750465393066,12.836750030517578,12.395000457763672,12.657750129699707,299652000.0,0,11,2,45,0.0037298601551627453,0.022881064083786838,0
12.982707023620605,13.019499778747559,13.104999542236328,12.602749824523926,12.708499908447266,272900000.0,1,11,3,45,0.03487465350826224,0.024375500520055018,0
13.755266189575195,13.794249534606934,13.827500343322754,13.336999893188477,13.389249801635742,410228000.0,2,11,4,45,0.059506875765230394,0.027785999911181324,0
14.119980812072754,14.15999984741211,14.33899974822998,13.991000175476074,14.162500381469727,319028000.0,3,11,5,45,0.026514694539023997,0.02832720926486327,0
14.520846366882324,14.562000274658203,14.588749885559082,13.895000457763672,14.109749794006348,383348000.0,4,11,6,45,0.028389860987150017,0.028892712956379595,0
13.592227935791016,13.630749702453613,14.691499710083008,13.610750198364258,14.552499771118164,582976000.0,0,11,9,46,-0.06395073167422038,0.03159827250406836,0
12.733909606933594,12.770000457763672,13.606499671936035,12.628250122070312,13.606499671936035,644068000.0,1,11,10,46,-0.06314760842061395,0.03443672403062114,0
13.380078315734863,13.418000221252441,13.4350004196167,12.948249816894531,13.053750038146973,404744000.0,2,11,11,46,0.0507439107486336,0.03656583848548438,0
13.418719291687012,13.45674991607666,13.765999794006348,13.315999984741211,13.479000091552734,365812000.0,3,11,12,46,0.0028878889689420983,0.03654083943322399,0
13.259417533874512,13.29699993133545,13.668749809265137,13.059249877929688,13.627249717712402,346312000.0,4,11,13,46,-0.011871364611625856,0.036548685322219596,0
13.477055549621582,13.515250205993652,13.649499893188477,13.156000137329102,13.172499656677246,413776000.0,0,11,16,47,0.01641349746448295,0.03638641040792263,0
13.384317398071289,13.422249794006348,13.5962495803833,13.303750038146973,13.552499771118164,312028000.0,1,11,17,47,-0.006881146154886664,0.036340530917600145,0
13.390800476074219,13.428750038146973,13.60575008392334,13.1850004196167,13.465250015258789,510924000.0,2,11,18,47,0.0004842887176430555,0.03628338096805783,0
13.402265548706055,13.440250396728516,13.487500190734863,13.100000381469727,13.212750434875488,565936000.0,3,11,19,47,0.000856398290896232,0.03616612961195964,0
13.050764083862305,13.087750434875488,13.494500160217285,13.0649995803833,13.454000473022461,341088000.0,4,11,20,47,-0.02622718710202221,0.036441218299491755,0
13.102864265441895,13.140000343322754,13.382499694824219,13.01550006866455,13.171250343322754,361356000.0,0,11,23,48,0.003992275731972583,0.0356735006664128,0
12.921131134033203,12.95775032043457,13.161999702453613,12.885000228881836,13.142499923706055,346500000.0,1,11,24,48,-0.013869864393176834,0.03552509449380719,0
13.197345733642578,13.234749794006348,13.269499778747559,13.020000457763672,13.032500267028809,259916000.0,2,11,25,48,0.021377126948876723,0.033237983313218214,0
13.223772048950195,13.261249542236328,13.407500267028809,13.170499801635742,13.375,167276000.0,4,11,27,48,0.0020022855469457035,0.03255146601800912,0
13.363625526428223,13.40149974822998,13.412500381469727,12.972249984741211,13.265000343322754,286952000.0,0,11,30,49,0.01057594199905254,0.03126848370059736,0
13.352161407470703,13.390000343322754,13.5287504196167,13.228249549865723,13.492250442504883,296948000.0,1,12,1,49,-0.0008580685089925044,0.031286004851080455,0
13.50622272491455,13.544500350952148,13.673500061035156,13.23425006866455,13.350500106811523,283360000.0,2,12,2,49,0.011538461812395706,0.03048271256056191,0
13.36208724975586,13.395999908447266,13.65999984741211,13.329000473022461,13.587499618530273,199520000.0,3,12,3,49,-0.010963892255681729,0.027460188093731044,0
13.523927688598633,13.558250427246094,13.5600004196167,13.388750076293945,13.44849967956543,202244000.0,4,12,4,49,0.012111863235868991,0.026880629221637156,0
13.57230281829834,13.606749534606934,13.731249809265137,13.5,13.601249694824219,223244000.0,0,12,7,50,0.0035770918689759235,0.025970140053424583,0
13.316205978393555,13.350000381469727,13.598750114440918,13.281499862670898,13.585000038146973,271920000.0,1,12,8,50,-0.018869249594416382,0.02207068703302971,0
12.898015022277832,12.930749893188477,13.413999557495117,12.868249893188477,13.30049991607666,401300000.0,2,12,9,50,-0.03140453006002786,0.0181436162131269,0
12.939408302307129,12.972249984741211,13.068750381469727,12.849499702453613,12.869000434875488,207764000.0,3,12,10,50,0.003209411046964483,0.013862545846363516,0
12.980307579040527,13.013250350952148,13.020000457763672,12.822999954223633,12.967249870300293,209264000.0,4,12,11,50,0.0031606210379204747,0.013867322058224971,0
13.275055885314941,13.30875015258789,13.388750076293945,13.077500343322754,13.088000297546387,270156000.0,0,12,14,51,0.022707609065103496,0.01465048857786144,0
13.326677322387695,13.36050033569336,13.46399974822998,13.186750411987305,13.439749717712402,193016000.0,1,12,15,51,0.0038884329867299172,0.014178646222805482,0
13.208975791931152,13.242500305175781,13.437250137329102,13.212499618530273,13.422499656677246,223116000.0,2,12,16,51,-0.008832006852492968,0.014231615572718367,0
13.307474136352539,13.3412504196167,13.379500389099121,13.178500175476074,13.36674976348877,231384000.0,3,12,17,51,0.007457059631127416,0.014343950940852907,0
13.23840045928955,13.272000312805176,13.404999732971191,13.070500373840332,13.378999710083008,342064000.0,4,12,18,51,-0.005190675883701257,0.014383556657739934,0
13.29849624633789,13.332249641418457,13.369999885559082,12.967499732971191,13.074749946594238,302332000.0,0,12,21,52,0.004539581614924293,0.013076548066908755,0
13.244634628295898,13.278249740600586,13.337249755859375,13.053999900817871,13.319250106811523,185580000.0,1,12,22,52,-0.0040503217589110685,0.013103563519693662,0
12.976317405700684,13.009249687194824,13.274999618530273,13.005000114440918,13.255999565124512,179144000.0,2,12,23,52,-0.020258698146281007,0.013545439894146418,0
12.960853576660156,12.993749618530273,13.132499694824219,12.938750267028809,13.037249565124512,97884000.0,3,12,24,52,-0.001191465229528732,0.012603206946650129,0
12.867342948913574,12.899999618530273,13.0625,12.763250350952148,13.0625,212564000.0,0,12,28,53,-0.007215007426825015,0.012662092821017922,0
12.910484313964844,12.943249702453613,13.072500228881836,12.842249870300293,12.925000190734863,170372000.0,1,12,29,53,0.003352719783124014,0.012405846139381563,0
13.112469673156738,13.145750045776367,13.213749885559082,12.896750450134277,12.990249633789062,225396000.0,2,12,30,53,0.0156452473666151,0.012997076910226144,0
13.021950721740723,13.055000305175781,13.151000022888184,12.914999961853027,13.136500358581543,192424000.0,3,12,31,53,-0.006903352055575018,0.01272401717375996,0
13.080301284790039,13.113499641418457,13.65250015258789,12.962499618530273,13.104249954223633,560640000.0,0,1,4,1,0.004480990798558793,0.01260423575038827,0
13.370814323425293,13.404749870300293,13.443499565124512,13.086999893188477,13.099749565124512,322760000.0,1,1,5,1,0.022209954386389175,0.01333758724628507,0
12.582563400268555,12.614500045776367,13.244999885559082,12.586000442504883,13.22249984741211,580424000.0,2,1,6,1,-0.05895297056417381,0.01861877923322757,0
13.310219764709473,13.343999862670898,13.377750396728516,12.886500358581543,12.967499732971191,461480000.0,3,1,7,1,0.05783025995856139,0.022751018107296857,0
13.243139266967773,13.276749610900879,13.420999526977539,13.041999816894531,13.362500190734863,292528000.0,4,1,8,1,-0.005039737144943213,0.02155427425387848,0
13.587016105651855,13.621500015258789,13.961000442504883,13.362500190734863,13.418749809265137,518344000.0,0,1,11,2,0.02596647631848481,0.02223677750384916,0
13.450613021850586,13.484749794006348,13.754500389099121,13.345000267028809,13.7524995803833,291476000.0,1,1,12,2,-0.010039292375968456,0.022416928454303892,0
13.497493743896484,13.531749725341797,13.625,13.385000228881836,13.489999771118164,210028000.0,2,1,13,2,0.003485413674960469,0.021889146323978186,0
13.166833877563477,13.200249671936035,13.599749565124512,13.180500030517578,13.574999809265137,283120000.0,3,1,14,2,-0.024497944473872435,0.022604645090685816,0
12.826944351196289,12.85949993133545,13.325249671936035,12.84850025177002,13.227999687194824,277780000.0,4,1,15,2,-0.025813886030127575,0.023249368318901332,0
12.992276191711426,13.025250434875488,13.093999862670898,12.843999862670898,13.016249656677246,226188000.0,1,1,19,3,0.012889342853538599,0.02338726563288457,0
13.331913948059082,13.365750312805176,13.430500030517578,13.056750297546387,13.111749649047852,258572000.0,2,1,20,3,0.026141522547465934,0.024125143956135908,0
13.83239459991455,13.867500305175781,13.999250411987305,13.253000259399414,13.418499946594238,337780000.0,3,1,21,3,0.03753997947200172,0.025496242384432412,0
13.67778491973877,13.712499618530273,13.841750144958496,13.627249717712402,13.739999771118164,246820000.0,4,1,22,3,-0.011177262176634395,0.025638765473665958,0
13.618687629699707,13.653249740600586,13.828499794006348,13.236499786376953,13.781749725341797,251112000.0,0,1,25,4,-0.0043208663320304375,0.025156195533686684,0
13.401237487792969,13.435250282287598,13.644749641418457,13.387499809265137,13.580499649047852,163980000.0,1,1,26,4,-0.01596685495796102,0.02549181301868661,0
12.885048866271973,12.917750358581543,13.232749938964844,12.793749809265137,13.229999542236328,371272000.0,2,1,27,4,-0.03851807095758408,0.027002354390281556,0
13.017959594726562,13.050999641418457,13.339750289916992,12.96049976348877,12.99625015258789,228316000.0,3,1,28,4,0.010315208077108728,0.027086962968951273,0
12.956865310668945,12.989749908447266,13.334750175476074,12.911499977111816,13.074999809265137,271552000.0,4,1,29,4,-0.004693106631986299,0.026879851455670692,0
13.2034912109375,13.237000465393066,13.270750045776367,12.902750015258789,13.053250312805176,217204000.0,0,2,1,5,0.019034281544174636,0.027166297578929684,0
13.522430419921875,13.556750297546387,13.571999549865723,13.285499572753906,13.398750305175781,220440000.0,1,2,2,5,0.024155761948432053,0.02764925569858248,0
13.496248245239258,13.530500411987305,13.931750297546387,13.516500473022461,13.63599967956543,245408000.0,2,2,3,5,-0.0019362963086981821,0.02724582951548199,0
13.629658699035645,13.664250373840332,13.673500061035156,13.337750434875488,13.531000137329102,201340000.0,3,2,4,5,0.009885071341081408,0.023369784270236726,0
13.556591987609863,13.590999603271484,13.737250328063965,13.54574966430664,13.725000381469727,169152000.0,4,2,5,5,-0.005360760273324883,0.0197353187411616,0
14.40219783782959,14.438750267028809,14.473750114440918,13.727250099182129,13.727250099182129,434624000.0,0,2,8,6,0.062375887609713576,0.023940318134330896,0
14.227143287658691,14.263250350952148,14.583250045776367,14.22249984741211,14.340749740600586,287560000.0,1,2,9,6,-0.012154785755760122,0.023654873285832385,0
14.726873397827148,14.764249801635742,14.904999732971191,14.341500282287598,14.463250160217285,485352000.0,2,2,10,6,0.03512519505416578,0.02452776985498399,0
15.212141036987305,15.250749588012695,15.272250175476074,14.925000190734863,14.980250358581543,450828000.0,3,2,11,6,0.0329512025950045,0.025315350512461,0
14.923375129699707,14.961250305175781,15.291250228881836,14.774999618530273,15.050000190734863,374756000.0,4,2,12,6,-0.018982626471322095,0.024990170583995035,0
15.291440963745117,15.330249786376953,15.3725004196167,14.949999809265137,15.064249992370605,321960000.0,1,2,16,7,0.0246636794167876,0.024079343503041552,0
14.868265151977539,14.906000137329102,15.22350025177002,14.779999732971191,15.170999526977539,274756000.0,2,2,17,7,-0.027674020642824537,0.02541450597233312,0
14.791460037231445,14.829000473022461,14.873250007629395,14.574999809265137,14.729000091552734,233868000.0,3,2,18,7,-0.0051656825169221765,0.02514069555846444,0
14.888713836669922,14.92650032043457,15.177000045776367,14.846750259399414,15.024499893188477,271724000.0,4,2,19,7,0.006574943981523473,0.023991212754311608,0
14.319406509399414,14.35575008392334,15.13325023651123,14.324999809265137,14.774749755859375,325884000.0,0,2,22,8,-0.03823737810328298,0.02559879728730634,0
14.106199264526367,14.142000198364258,14.238750457763672,13.38949966430664,14.075249671936035,391780000.0,1,2,23,8,-0.01488949614680568,0.02585704029545771,0
14.462294578552246,14.49899959564209,14.506750106811523,13.755999565124512,14.122750282287598,448320000.0,2,2,24,8,0.025243911205652836,0.025985328660063943,0
13.273811340332031,13.307499885559082,14.374750137329102,13.2162504196167,14.045499801635742,824436000.0,3,2,25,8,-0.08217806354316559,0.031089781650565248,0
13.679780960083008,13.714500427246094,13.854499816894531,13.361000061035156,13.7524995803833,500932000.0,4,2,26,8,0.030584297966342877,0.03170108181382299,0
13.806707382202148,13.841750144958496,13.925000190734863,13.553250312805176,13.875,353184000.0,0,3,1,9,0.009278479984557109,0.031677350023442366,0
13.372309684753418,13.40625,13.920499801635742,13.395999908447266,13.899999618530273,264116000.0,1,3,2,9,-0.03146279483430181,0.03239221210876498,0
12.772335052490234,12.804750442504883,13.451499938964844,12.798749923706055,13.426250457763672,377592000.0,2,3,3,9,-0.04486709985977566,0.03346997782182223,0
12.338934898376465,12.37024974822998,12.975000381469727,12.083749771118164,12.800749778747559,573344000.0,3,3,4,9,-0.03393277332704536,0.03420767537768099,0
12.429952621459961,12.46150016784668,12.550000190734863,11.67924976348877,12.550000190734863,542840000.0,4,3,5,9,0.007376602855553083,0.03415899288833341,0
11.563899993896484,11.593250274658203,12.4712495803833,11.566499710083008,12.449999809265137,543112000.0,0,3,8,10,-0.06967458825132034,0.03718352946850455,0
12.492864608764648,12.52025032043457,12.61674976348877,12.059249877929688,12.130249977111816,521824000.0,1,3,9,10,0.07996032379312168,0.039076293434555355,0
12.440979957580566,12.468250274658203,12.979999542236328,12.457500457763672,12.840499877929688,384376000.0,2,3,10,10,-0.004153275249736521,0.039054937637957324,0
12.96507740020752,12.993499755859375,13.046250343322754,12.73449993133545,12.949999809265137,299916000.0,3,3,11,10,0.04212696004897687,0.03947188714559591,0
12.827880859375,12.855999946594238,12.888750076293945,12.59000015258789,12.648249626159668,243964000.0,4,3,12,10,-0.010582199703596529,0.03841905068366566,0
13.162398338317871,13.19124984741211,13.20674991607666,12.767250061035156,12.864749908447266,221988000.0,0,3,15,11,0.026077310377298435,0.03904484959872468,0
13.26218032836914,13.291250228881836,13.512499809265137,13.11674976348877,13.356499671936035,272128000.0,1,3,16,11,0.007580811721896508,0.038532681961849564,0
13.312067985534668,13.3412504196167,13.45324993133545,12.989500045776367,13.039750099182129,243864000.0,2,3,17,11,0.0037618876985863192,0.03825943045575857,0
12.694672584533691,12.72249984741211,13.184000015258789,12.717000007629395,13.136500358581543,293896000.0,3,3,18,11,-0.04637875407051739,0.03937221046335903,0
12.817652702331543,12.845749855041504,12.921500205993652,12.612500190734863,12.75,299208000.0,4,3,19,11,0.009687562122821625,0.039434337010740235,0
13.157407760620117,13.186249732971191,13.394499778747559,12.906749725341797,12.912750244140625,297804000.0,0,3,22,12,0.026506812118566536,0.03936947712828084,0
13.042160034179688,13.07075023651123,13.344499588012695,13.021249771118164,13.254249572753906,222048000.0,1,3,23,12,-0.008759086078217071,0.03929991075167906,0
12.615344047546387,12.642999649047852,13.159250259399414,12.636750221252441,13.151249885559082,245840000.0,2,3,24,12,-0.032725786945918434,0.039230094866581314,0
12.507832527160645,12.535249710083008,12.714750289916992,12.272000312805176,12.499500274658203,295144000.0,3,3,25,12,-0.008522497979580268,0.03493307655620106,0
12.811166763305664,12.839249610900879,12.856249809265137,12.373499870300293,12.554499626159668,363968000.0,4,3,26,12,0.024251603107143582,0.034645833042236375,0
12.919927597045898,12.948249816894531,13.0625,12.699999809265137,12.820249557495117,273520000.0,0,3,29,13,0.00848960876195659,0.034631897301545596,0
12.843597412109375,12.871749877929688,12.975250244140625,12.704999923706055,12.842000007629395,200204000.0,1,3,30,13,-0.0059081296736357425,0.03398258591591349,0
13.31905460357666,13.348250389099121,13.470499992370605,12.982500076293945,13.01550006866455,314776000.0,2,3,31,13,0.03701909341685217,0.03340869154029807,0
13.78154182434082,13.811750411987305,13.869999885559082,13.511249542236328,13.572250366210938,308276000.0,3,4,1,13,0.034723653615810424,0.03298076773119449,0
13.956905364990234,13.987500190734863,14.013999938964844,13.732999801635742,13.867500305175781,255672000.0,0,4,5,14,0.012724656434207171,0.03301381435874264,0
13.83117961883545,13.861499786376953,14.05424976348877,13.773500442504883,13.999750137329102,191744000.0,1,4,6,14,-0.009008071681126495,0.028083760993481817,0
14.112563133239746,14.143500328063965,14.243499755859375,13.71150016784668,13.880749702453613,251284000.0,2,4,7,14,0.020344157993939627,0.0228747667315462,0
14.285687446594238,14.317000389099121,14.471500396728516,14.24899959564209,14.252750396728516,244416000.0,3,4,8,14,0.012267123202231112,0.022771907101837196,0
14.36850357055664,14.399999618530273,14.407999992370605,14.175000190734863,14.21399974822998,195172000.0,4,4,9,14,0.00579724992494568,0.021234955787655337,0
15.17573356628418,15.208999633789062,15.352499961853027,14.139249801635742,14.289750099182129,869324000.0,0,4,12,15,0.056180558103470224,0.02370018238898913,0
15.645206451416016,15.679499626159668,15.699999809265137,15.125749588012695,15.231499671936035,676212000.0,1,4,13,15,0.03093563046219816,0.023911561965071805,0
15.243586540222168,15.277000427246094,15.720499992370605,15.227499961853027,15.625,385500000.0,2,4,14,15,-0.02567041095125544,0.025136263355021893,0
16.101951599121094,16.137250900268555,16.214250564575195,15.631500244140625,15.662500381469727,598480000.0,3,4,15,15,0.05631016881352102,0.027393528955325146,0
15.877695083618164,15.912500381469727,16.16575050354004,15.865249633789062,16.05299949645996,335208000.0,4,4,16,15,-0.013927435359828766,0.024713768631191166,0
15.32814884185791,15.361749649047852,15.807499885559082,15.232999801635742,15.536499977111816,404420000.0,0,4,19,16,-0.03461119995090334,0.026786337325938887,0
15.138068199157715,15.171250343322754,15.496999740600586,14.963000297546387,15.323249816894531,334132000.0,1,4,20,16,-0.012400885971794562,0.026885173240988488,0
15.32690143585205,15.36050033569336,15.362500190734863,15.102250099182129,15.118749618530273,216776000.0,2,4,21,16,0.012474251501221723,0.026632556188051028,0
14.817770957946777,14.850250244140625,15.43850040435791,14.783499717712402,15.375,277788000.0,3,4,22,16,-0.03321832495046151,0.02667281982934433,0
15.231861114501953,15.265250205993652,15.335000038146973,14.900250434875488,14.934249877929688,227500000.0,4,4,23,16,0.027945654452306012,0.02670067787566364,0
15.444146156311035,15.477999687194824,15.479000091552734,15.125,15.1850004196167,197796000.0,0,4,26,17,0.013936848615664355,0.026514679292430277,0
15.348105430603027,15.381750106811523,15.670499801635742,15.354499816894531,15.578499794006348,164572000.0,1,4,27,17,-0.006218476697795072,0.02675350159296476,0
15.243335723876953,15.276749610900879,15.53225040435791,15.215499877929688,15.364500045776367,209416000.0,2,4,28,17,-0.0068263035858414645,0.0267811762276589,0
15.291229248046875,15.324749946594238,15.43649959564209,15.071499824523926,15.399999618530273,173196000.0,3,4,29,17,0.003142051608878038,0.02597075266054337,0
14.976669311523438,15.009499549865723,15.364999771118164,14.996999740600586,15.174500465393066,201912000.0,4,4,30,17,-0.020571324023370252,0.02583441155093752,0
14.80429744720459,14.836750030517578,15.246749877929688,14.787500381469727,15.125,203912000.0,0,5,3,18,-0.011509345716306019,0.02599519631608534,0
14.319859504699707,14.351249694824219,14.637499809265137,14.010250091552734,14.637249946594238,405324000.0,1,5,4,18,-0.03272282236303359,0.027101952294384456,0
14.426875114440918,14.458499908447266,14.81350040435791,14.387499809265137,14.708999633789062,292024000.0,2,5,5,18,0.00747323166300462,0.02679660088938644,0
14.491232872009277,14.52299976348877,14.571249961853027,14.218000411987305,14.49524974822998,193380000.0,3,5,6,18,0.004461033679145299,0.026687214678977087,0
14.779850959777832,14.812250137329102,14.970749855041504,14.67175006866455,14.808250427246094,229328000.0,4,5,7,18,0.019916709946351085,0.027004305263070863,0
14.234545707702637,14.26574993133545,14.805999755859375,14.25,14.787249565124512,268904000.0,0,5,10,19,-0.03689515103558705,0.02508297003944553,0
14.274958610534668,14.306249618530273,14.35474967956543,13.75,13.824999809265137,285584000.0,1,5,11,19,0.00283894554368036,0.02384448949632033,0
13.728404998779297,13.758500099182129,14.260250091552734,13.709250450134277,14.009499549865723,303408000.0,2,5,12,19,-0.03828742919728367,0.024594643722089186,0
13.635358810424805,13.665249824523926,14.080750465393066,13.458999633789062,14.0337495803833,285404000.0,3,5,13,19,-0.006777648289128968,0.019929505821326056,0
14.211847305297852,14.243000030517578,14.32800006866455,13.748499870300293,13.890000343322754,258616000.0,4,5,14,19,0.04227878841679211,0.022816632056929877,0
14.134514808654785,14.165499687194824,14.169249534606934,13.853500366210938,14.156999588012695,216980000.0,0,5,17,20,-0.005441293488499532,0.021750322909057176,0
13.985092163085938,14.01574993133545,14.404250144958496,14.003999710083008,14.267000198364258,186256000.0,1,5,18,20,-0.010571441824586247,0.021716156583278298,0
14.034984588623047,14.065750122070312,14.079500198364258,13.54325008392334,13.566499710083008,344000000.0,2,5,19,20,0.003567428855381971,0.021456161798446692,0
14.58053970336914,14.612500190734863,14.68375015258789,14.270500183105469,14.302499771118164,321592000.0,3,5,20,20,0.038871021020532304,0.022356466011928318,0
14.95896053314209,14.99174976348877,15.222000122070312,14.869500160217285,15.163749694824219,672992000.0,4,5,21,20,0.025953777095200525,0.022226811440116512,0
15.577853202819824,15.612000465393066,15.744999885559082,15.175999641418457,15.212499618530273,554816000.0,0,5,24,21,0.041372802487329885,0.02395515700315917,0
15.61352252960205,15.647749900817871,15.818499565124512,15.482500076293945,15.765999794006348,435408000.0,1,5,25,21,0.002289868969966413,0.02390126372301821,0
15.665661811828613,15.699999809265137,15.793749809265137,15.586250305175781,15.73425006866455,370440000.0,2,5,26,21,0.003339132385068,0.02383118937367756,0
15.454124450683594,15.48799991607666,15.75,15.460000038146973,15.699749946594238,581476000.0,3,5,27,21,-0.013503178074140365,0.024065342370840223,0
16.208967208862305,16.24449920654297,16.27750015258789,15.50100040435791,15.50100040435791,644536000.0,4,5,28,21,0.04884422098175878,0.025765832398663816,0
16.228923797607422,16.26449966430664,16.38825035095215,15.903249740600586,16.270000457763672,472804000.0,1,6,1,22,0.0012312141796047005,0.025511286410920975,0
16.741548538208008,16.778249740600586,16.918750762939453,16.23550033569336,16.25225067138672,594168000.0,2,6,2,22,0.03158720445741103,0.024552941433712186,0
16.93263053894043,16.969749450683594,17.259000778198242,16.58300018310547,16.70075035095215,580008000.0,3,6,3,22,0.011413568938577034,0.024563222291361868,0
17.5398006439209,17.578250885009766,17.660999298095703,17.095500946044922,17.112499237060547,617120000.0,4,6,4,22,0.03585800934153793,0.025295689764105234,0
17.580461502075195,17.618999481201172,17.8125,17.192750930786133,17.571250915527344,575756000.0,0,6,7,23,0.0023181257599500515,0.025234720930205276,0
17.418819427490234,17.457000732421875,17.62150001525879,17.250999450683594,17.527250289916992,323848000.0,1,6,8,23,-0.009194548700233729,0.02326567895646957,0
17.324254989624023,17.35824966430664,17.575000762939453,17.25575065612793,17.515750885009766,381656000.0,2,6,9,23,-0.005656817550097837,0.023487485764256043,0
17.390869140625,17.424999237060547,17.492000579833984,17.176000595092773,17.350000381469727,287772000.0,3,6,10,23,0.0038454091884139174,0.02064889328284848,0
17.79034423828125,17.82525062561035,17.939250946044922,17.443750381469727,17.47949981689453,416308000.0,4,6,11,23,0.022969951568119873,0.020287171158180902,0
17.983455657958984,18.018749237060547,18.039499282836914,17.662750244140625,17.9060001373291,321376000.0,0,6,14,24,0.010855309443570382,0.019130488400935588,0
17.753658294677734,17.78849983215332,18.016250610351562,17.72800064086914,17.915000915527344,243032000.0,1,6,15,24,-0.012778323394037505,0.0195482860689545,0
17.77536392211914,17.81024932861328,17.954750061035156,17.58449935913086,17.79075050354004,307124000.0,2,6,16,24,0.0012226717635090978,0.019013862896441577,0
18.620712280273438,18.657249450683594,18.834999084472656,17.756250381469727,17.774499893188477,809656000.0,3,6,17,24,0.04755689302504895,0.020450270759837033,0
18.602249145507812,18.638750076293945,19.375,18.583999633789062,18.784000396728516,968856000.0,4,6,18,24,-0.0009915381384886235,0.019876268723224566,0
18.391157150268555,18.427249908447266,18.536500930786133,17.822750091552734,18.43524932861328,672384000.0,0,6,21,25,-0.011347336435165833,0.020285992743669434,0
18.849760055541992,18.886749267578125,18.9637508392334,18.38599967956543,18.471500396728516,580144000.0,1,6,22,25,0.024935861911777657,0.019280055332193003,0
19.019926071166992,19.057249069213867,19.15275001525879,18.90774917602539,19.007749557495117,332356000.0,2,6,23,25,0.00902748266629616,0.01920173579425436,0
19.16788101196289,19.20549964904785,19.420000076293945,19.08824920654297,19.227750778198242,320924000.0,3,6,24,25,0.007779222452073409,0.01914532327578874,0
18.99372673034668,19.0310001373291,19.345500946044922,18.894500732421875,19.280500411987305,278364000.0,4,6,25,25,-0.009085913665745293,0.018879929698194242,0
19.945859909057617,19.985000610351562,20.078750610351562,19.319000244140625,19.361249923706055,495436000.0,0,6,28,26,0.050128761816947254,0.019018841015772645,0
19.987525939941406,20.026750564575195,20.0987491607666,19.656999588012695,19.88249969482422,367632000.0,1,6,29,26,0.002089064445762734,0.018997593893665177,0
19.96332359313965,20.002500534057617,20.162500381469727,19.863750457763672,19.999250411987305,326568000.0,2,6,30,26,-0.0012108819371062784,0.01850214737186178,0
20.17241668701172,20.211999893188477,20.45599937438965,20.018999099731445,20.125,480136000.0,3,7,1,26,0.0104736584695575,0.01849685174136509,0
20.446874618530273,20.48699951171875,20.505250930786133,20.287750244140625,20.440250396728516,342764000.0,4,7,2,26,0.013605759943772222,0.01743100373530981,0
20.657958984375,20.69849967956543,20.841999053955078,20.350250244140625,20.737499237060547,446708000.0,1,7,6,27,0.010323628295383136,0.01738970768714536,0
20.331850051879883,20.371749877929688,20.875,20.332000732421875,20.853500366210938,418428000.0,2,7,7,27,-0.015786158740690004,0.017795018794333487,0
19.86376953125,19.90275001525879,20.132999420166016,19.70075035095215,19.85650062561035,503300000.0,3,7,8,27,-0.02302207053793659,0.01888166131320336,0
20.01097869873047,20.050249099731445,20.080249786376953,19.754249572753906,19.962499618530273,296624000.0,4,7,9,27,0.007410990157620034,0.018866841505211663,0
20.472326278686523,20.512500762939453,20.53274917602539,20.1877498626709,20.239999771118164,321984000.0,0,7,12,28,0.0230546593665113,0.01887057528684967,0
20.21034049987793,20.25,20.46125030517578,20.11400032043457,20.40049934387207,290708000.0,1,7,13,28,-0.012797111672201433,0.019364912292902298,0
19.80263900756836,19.84149932861328,20.417749404907227,19.752750396728516,20.357749938964844,380100000.0,2,7,14,28,-0.020172872661072483,0.019808414447356985,0
18.929101943969727,18.966249465942383,19.847000122070312,18.85849952697754,19.811750411987305,550564000.0,3,7,15,28,-0.04411208287111179,0.02272244082088711,0
18.125431060791016,18.160999298095703,19.156999588012695,18.072999954223633,19.030500411987305,688224000.0,4,7,16,28,-0.042457006024974264,0.022427104920998017,0
18.742969512939453,18.77975082397461,19.04199981689453,17.86549949645996,17.915250778198242,749060000.0,0,7,19,29,0.034070345784539935,0.023767004864521792,0
18.57554817199707,18.61199951171875,18.83799934387207,18.163999557495117,18.729999542236328,434687000.0,1,7,20,29,-0.008932563260727888,0.02370893677912636,0
19.371978759765625,19.40999984741211,19.527000427246094,18.742000579833984,18.881999969482422,371017000.0,2,7,21,29,0.042875583313384036,0.024976934734777086,0
19.55562400817871,19.5939998626709,19.886999130249023,19.275999069213867,19.642000198364258,323826000.0,3,7,22,29,0.009479650525773708,0.02498415517992927,0
19.519697189331055,19.558000564575195,19.700000762939453,19.25,19.6560001373291,195672000.0,4,7,23,29,-0.0018372613222421563,0.024953229124863648,0
19.256208419799805,19.29400062561035,19.441999435424805,18.913999557495117,19.31100082397461,203943000.0,0,7,26,30,-0.01349830920053341,0.025068243030139187,0
19.170379638671875,19.20800018310547,19.621999740600586,18.740999221801758,19.264999389648438,248863000.0,1,7,27,30,-0.004457367042412508,0.02224903253226936,0
19.464801788330078,19.503000259399414,19.645999908447266,18.9950008392334,19.319000244140625,202191000.0,2,7,28,30,0.015358187915544441,0.022564976922070844,0
19.623491287231445,19.66200065612793,19.85300064086914,19.327999114990234,19.518999099731445,190781000.0,3,7,29,30,0.008152612142426019,0.02265909247780002,0
19.460811614990234,19.499000549316406,19.6299991607666,19.26300048828125,19.417999267578125,183497000.0,4,7,30,30,-0.008290107891982146,0.022564131422335543,0
19.71132469177246,19.75,19.961000442504883,19.361000061035156,19.700000762939453,217444000.0,0,8,2,31,0.012872426463539588,0.022538786028606768,0
19.77619171142578,19.815000534057617,20.222000122070312,19.219999313354492,19.739999771118164,301811000.0,1,8,3,31,0.003291166281398361,0.022397584269790834,0
20.234291076660156,20.27400016784668,20.31800079345703,19.827999114990234,19.989999771118164,231309000.0,2,8,4,31,0.023164250386980445,0.022819686607009244,0
20.59658432006836,20.636999130249023,20.732999801635742,20.341999053955078,20.5,211435000.0,3,8,5,31,0.01790465420721654,0.022478303271216065,0
20.32611083984375,20.365999221801758,20.56999969482422,20.209999084472656,20.52400016784668,178497000.0,4,8,6,31,-0.01313174976346454,0.022688992654705125,0
20.2552490234375,20.295000076293945,20.507999420166016,20.14299964904785,20.445999145507812,146443000.0,0,8,9,32,-0.0034861606707619064,0.02210136905411156,0
19.896957397460938,19.93600082397461,20.43000030517578,19.834999084472656,20.32200050354004,179238000.0,1,8,10,32,-0.01768904907463753,0.022273352765272047,0
19.66041374206543,19.698999404907227,20.048999786376953,19.43000030517578,20.042999267578125,185925000.0,2,8,11,32,-0.011888112423348751,0.021963989637079386,0
19.866016387939453,19.905000686645508,20.02899932861328,19.6200008392334,19.8700008392334,151652000.0,3,8,12,32,0.010457449005605968,0.019459483125986898,0
20.148460388183594,20.187999725341797,20.214000701904297,19.85099983215332,19.905000686645508,183063000.0,4,8,13,32,0.014217484498061594,0.016446443955386636,0
19.910926818847656,19.950000762939453,20.28700065612793,19.452999114990234,20.135000228881836,210876000.0,0,8,16,33,-0.011789130455732377,0.015407536190186649,0
19.419889450073242,19.45800018310547,19.770000457763672,19.267000198364258,19.684999465942383,204585000.0,1,8,17,33,-0.02466168225657217,0.016424029748585027,0
19.002708435058594,19.040000915527344,19.634000778198242,19.0,19.5,285913000.0,2,8,18,33,-0.021482128874736883,0.01422389507893846,0
19.759225845336914,19.79800033569336,20.4950008392334,18.761999130249023,19.493999481201172,766555000.0,3,8,19,33,0.03981089200199861,0.01677344672774972,0
20.77523422241211,20.81599998474121,20.864999771118164,19.933000564575195,19.990999221801758,675741000.0,4,8,20,33,0.05141931668788402,0.020229017040609774,0
21.914997100830078,21.95800018310547,21.996999740600586,20.950000762939453,20.97100067138672,575807000.0,0,8,23,34,0.05486165445817548,0.022844945097644277,0
21.750320434570312,21.792999267578125,21.958999633789062,21.53499984741211,21.753000259399414,297299000.0,1,8,24,34,-0.007514387200629358,0.022933803491950778,0
22.16948890686035,22.21299934387207,22.469999313354492,21.722000122070312,21.73699951171875,347701000.0,2,8,25,34,0.01927224752945267,0.02302916555138594,0
22.0247802734375,22.06800079345703,22.34000015258789,21.790000915527344,22.200000762939453,237940000.0,3,8,26,34,-0.006527643933642802,0.023216125989308865,0
22.59166717529297,22.63599967956543,22.722000122070312,22.16699981689453,22.18400001525879,304722000.0,4,8,27,34,0.02573857466403595,0.02335709871545964,0
22.643564224243164,22.687999725341797,23.042999267578125,22.551000595092773,22.829999923706055,262580000.0,0,8,30,35,0.002297227713044636,0.023354543963867807,0
22.3450927734375,22.385000228881836,22.69499969482422,22.1200008392334,22.69499969482422,259850000.0,1,8,31,35,-0.01335505554160954,0.023794158014521137,0
22.4009952545166,22.44099998474121,22.69700050354004,22.35700035095215,22.485000610351562,201767000.0,2,9,1,35,0.0025016642969304392,0.023473500174112972,0
22.356077194213867,22.395999908447266,22.593000411987305,22.295000076293945,22.51799964904785,187834000.0,3,9,2,35,-0.002005261633819533,0.023334717547688174,0
22.80228042602539,22.843000411987305,22.986000061035156,22.200000762939453,22.325000762939453,280532000.0,4,9,3,35,0.019958943801006157,0.023202537246705644,0
22.621601104736328,22.66200065612793,22.89900016784668,22.52199935913086,22.83300018310547,198107000.0,1,9,7,36,-0.007923641929472258,0.023319016049665103,0
22.299175262451172,22.339000701904297,22.610000610351562,21.976999282836914,22.51300048828125,254434000.0,2,9,8,36,-0.014252931995052731,0.02314900395046095,0
22.137468338012695,22.177000045776367,22.538000106811523,22.131000518798828,22.312000274658203,196856000.0,3,9,9,36,-0.007251920454710348,0.022983525242344528,0
22.43793296813965,22.47800064086914,22.625999450683594,22.270000457763672,22.347999572753906,248376000.0,4,9,10,36,0.01357264708804018,0.023024497454985974,0
22.112512588500977,22.152000427246094,22.964000701904297,21.857999801635742,22.68400001525879,297500000.0,0,9,13,37,-0.014503078758273502,0.023400188147662905,0
22.202354431152344,22.242000579833984,22.40999984741211,22.086000442504883,22.274999618530273,199755000.0,1,9,14,37,0.004062845379742441,0.023071003868559436,0
22.30117416381836,22.340999603271484,22.367000579833984,21.965999603271484,22.30900001525879,166538000.0,2,9,15,37,0.004450994553397258,0.021945447696212733,0
22.202354431152344,22.242000579833984,22.277000427246094,21.927000045776367,22.183000564575195,156033000.0,3,9,16,37,-0.004431270990354563,0.021088807169616208,0
21.860963821411133,21.899999618530273,22.320999145507812,21.829999923706055,22.299999237060547,294503000.0,4,9,17,37,-0.015376357898928883,0.020304602785198515,0
21.07536506652832,21.113000869750977,21.433000564575195,20.66200065612793,21.145999908447266,349440000.0,0,9,20,38,-0.03593601655195433,0.019216697734304903,0
21.2081241607666,21.246000289916992,21.424999237060547,20.950000762939453,21.41699981689453,204688000.0,1,9,21,38,0.006299408643352322,0.014534848998524075,0
21.90188980102539,21.94099998474121,21.959999084472656,21.195999145507812,21.365999221801758,268726000.0,2,9,22,38,0.03271202510309923,0.01633702514267462,0
22.441923141479492,22.48200035095215,22.53499984741211,21.889999389648438,22.139999389648438,248555000.0,3,9,23,38,0.024657051482939396,0.016703546076449305,0
22.0416316986084,22.08099937438965,22.14900016784668,21.861000061035156,22.06999969482422,217655000.0,4,9,24,38,-0.01783653457444756,0.017147822613265536,0
21.62139320373535,21.65999984741211,21.798999786376953,21.325000762939453,21.709999084472656,245215000.0,0,9,27,39,-0.019066144599679258,0.016547730011623546,0
20.662097930908203,20.698999404907227,21.41900062561035,20.650999069213867,21.214000701904297,343069000.0,1,9,28,39,-0.04436751843374098,0.01900654859837205,0
20.480426788330078,20.517000198364258,21.017000198364258,20.466999053955078,20.940000534057617,218394000.0,2,9,29,39,-0.008792657218967825,0.018920653819217023,0
20.679073333740234,20.715999603271484,21.06599998474121,20.687999725341797,20.76799964904785,221009000.0,3,9,30,39,0.009699244674330698,0.019121740473019972,0
20.705028533935547,20.742000579833984,20.858999252319336,20.202999114990234,20.75,240978000.0,4,10,1,39,0.0012551157105831212,0.01915186877090473,0
19.69682502746582,19.73200035095215,20.54199981689453,19.55500030517578,20.503999710083008,345635000.0,0,10,4,40,-0.04869348185554434,0.020780156970512033,0
20.41454315185547,20.451000213623047,20.648000717163086,19.854000091552734,19.950000762939453,279282000.0,1,10,5,40,0.03643826524847005,0.02294129176793448,0
20.66309928894043,20.700000762939453,20.719999313354492,20.079999923706055,20.1200008392334,297202000.0,2,10,6,40,0.012175470476526673,0.02313260997379972,0
21.037431716918945,21.075000762939453,21.32200050354004,20.972000122070312,21.091999053955078,256919000.0,3,10,7,40,0.01811594136128658,0.02360931450546298,0
20.793865203857422,20.83099937438965,21.20599937438965,20.774999618530273,21.10099983215332,151258000.0,4,10,8,40,-0.011577764162119641,0.02338938147419618,0
20.658109664916992,20.69499969482422,21.062999725341797,20.51099967956543,20.575000762939453,163388000.0,0,10,11,41,-0.006528716031388937,0.023260193852428408,0
20.634151458740234,20.67099952697754,21.05699920654297,20.527999877929688,20.827999114990234,162134000.0,1,10,12,41,-0.0011597085383230343,0.023204359669205418,0
20.901676177978516,20.93899917602539,20.989999771118164,20.71299934387207,20.917999267578125,180652000.0,2,10,13,41,0.012965006781509913,0.023432908663267922,0
21.707233428955078,21.746000289916992,21.7549991607666,21.121999740600586,21.288000106811523,243589000.0,3,10,14,41,0.03854057718363135,0.025195859830543694,0
21.823026657104492,21.86199951171875,21.930999755859375,21.66200065612793,21.809999465942383,226994000.0,4,10,15,41,0.0053342784997361115,0.024991046616295684,0
22.18238639831543,22.222000122070312,22.291000366210938,21.643999099731445,21.749000549316406,189494000.0,0,10,18,42,0.016466957203918664,0.02371627136552799,0
22.250267028808594,22.290000915527344,22.378999710083008,22.03700065612793,22.275999069213867,161473000.0,1,10,19,42,0.003060066289419794,0.023702400961744446,0
22.0635986328125,22.10300064086914,22.433000564575195,21.98200035095215,22.30500030517578,146276000.0,2,10,20,42,-0.008389424269962142,0.022722100500312023,0
22.651548385620117,22.691999435424805,22.711000442504883,22.08300018310547,22.097000122070312,187590000.0,3,10,21,42,0.02664791102917441,0.022837040554141447,0
22.68549156188965,22.72599983215332,23.1299991607666,22.56100082397461,22.822999954223633,249384000.0,4,10,22,42,0.0014983429214896482,0.02241576710001843,0
23.124706268310547,23.166000366210938,23.354999542236328,22.770000457763672,22.972999572753906,230235000.0,0,10,25,43,0.019361107863562266,0.022189576056143127,0
24.672937393188477,24.716999053955078,25.259000778198242,23.923999786376953,23.98900032043457,485898000.0,1,10,26,43,0.06695150924742155,0.02344933777683304,0
24.407411575317383,24.451000213623047,25.09000015258789,24.281999588012695,24.474000930786133,245990000.0,2,10,27,43,-0.010761777340015266,0.023532705047610715,0
24.89653968811035,24.94099998474121,24.950000762939453,24.523000717163086,24.878000259399414,234204000.0,3,10,28,43,0.0200400706243975,0.023660512197278747,0
25.521427154541016,25.566999435424805,25.708999633789062,25.0,25.000999450683594,292503000.0,4,10,29,43,0.02509921218341593,0.023818788355529582,0
25.780960083007812,25.82699966430664,25.893999099731445,25.226999282836914,25.64900016784668,265740000.0,0,11,1,44,0.010169368116056177,0.019289334470967097,0
26.35393524169922,26.400999069213867,26.67799949645996,25.799999237060547,25.82200050354004,294112000.0,1,11,2,44,0.02222478074758727,0.01865993032413306,0
26.55058479309082,26.597999572753906,26.784000396728516,26.235000610351562,26.670000076293945,239910000.0,2,11,3,44,0.0074618579025580445,0.018700770012794365,0
29.747875213623047,29.801000595092773,31.364999771118164,27.118000030517578,27.229000091552734,1153631000.0,3,11,4,44,0.12042262853556518,0.030505055705523535,0
29.69896697998047,29.75200080871582,31.399999618530273,29.40999984741211,30.187000274658203,851260000.0,4,11,5,44,-0.001644232925018696,0.03007787026805898,0
30.749088287353516,30.804000854492188,31.100000381469727,29.906999588012695,30.14900016784668,503101000.0,0,11,8,45,0.03535896804184624,0.029707636979003485,0
30.60234832763672,30.656999588012695,32.310001373291016,29.964000701904297,32.28200149536133,646746000.0,1,11,9,45,-0.004772148500250872,0.029856753528442657,0
29.406484603881836,29.458999633789062,30.850000381469727,28.777999877929688,29.356000900268555,636206000.0,2,11,10,45,-0.039077534342012665,0.032665561706526076,0
30.33582305908203,30.389999389648438,30.59000015258789,29.777000427246094,30.468000411987305,332172000.0,3,11,11,45,0.03160323729362258,0.0324688501217118,0
30.33582305908203,30.389999389648438,30.68000030517578,29.6299991607666,30.010000228881836,413054000.0,4,11,12,45,0.0,0.03259443767597767,0
29.971473693847656,30.024999618530273,30.643999099731445,29.246999740600586,30.552000045776367,384909000.0,0,11,15,46,-0.012010522489266373,0.03323855450820117,0
30.149160385131836,30.202999114990234,30.389999389648438,29.70599937438965,29.759000778198242,264484000.0,1,11,16,46,0.005928376310456507,0.03318746669391516,0
29.208839416503906,29.26099967956543,30.509000778198242,28.799999237060547,30.417999267578125,428508000.0,2,11,17,46,-0.031188936960809155,0.0344305913305115,0
31.618534088134766,31.674999237060547,32.7599983215332,31.320999145507812,32.367000579833984,781711000.0,3,11,18,46,0.08249887508733833,0.037574947190610775,0
32.926204681396484,32.98500061035156,33.0880012512207,31.905000686645508,32.24300003051758,533867000.0,4,11,19,46,0.04135758184196825,0.03774058627726414,0
31.89903450012207,31.95599937438965,34.64699935913086,31.899999618530273,33.516998291015625,754335000.0,0,11,22,47,-0.031196035074166018,0.0394034531519609,0
31.68941307067871,31.746000289916992,32.36000061035156,30.8799991607666,31.53499984741211,532163000.0,1,11,23,47,-0.006571507340839222,0.03789105402861795,0
32.61575698852539,32.67399978637695,32.85499954223633,30.92799949645996,31.461000442504883,435162000.0,2,11,24,47,0.029232013103543952,0.03761160415700663,0
31.446842193603516,31.503000259399414,32.709999084472656,31.350000381469727,32.599998474121094,283069000.0,4,11,26,47,-0.035838879066950824,0.03927545850914538,0
33.316505432128906,33.375999450683594,33.4119987487793,32.0359992980957,32.36600112915039,454964000.0,0,11,29,48,0.05945462895158182,0.040587068749606464,0
32.61775588989258,32.67599868774414,33.35300064086914,31.86400032043457,33.16899871826172,622066000.0,1,11,30,48,-0.020973177566525725,0.041339083583227465,0
31.3828067779541,31.434999465942383,33.28900146484375,31.3799991607666,33.21900177001953,484368000.0,2,12,1,48,-0.037978922500912615,0.04276955929405318,0
32.07265090942383,32.125999450683594,32.47800064086914,31.024999618530273,31.214000701904297,472890000.0,3,12,2,48,0.021981867233363817,0.04285444770162235,0
30.642038345336914,30.69300079345703,32.12900161743164,30.1299991607666,32.0,544325000.0,4,12,3,48,-0.04460557435501267,0.03585728930374183,0
29.98712921142578,30.03700065612793,30.240999221801758,28.038000106811523,29.8799991607666,658938000.0,0,12,6,49,-0.021372955409069805,0.03623446026323964,0
32.3731575012207,32.426998138427734,32.44900131225586,30.650999069213867,30.957000732421875,593053000.0,1,12,7,49,0.07956844658563522,0.03962484390494886,0
31.77315902709961,31.826000213623047,32.290000915527344,31.42099952697754,31.999000549316406,475551000.0,2,12,8,49,-0.01853387483599578,0.03989102229122125,0
30.439374923706055,30.489999771118164,32.20500183105469,30.42799949645996,31.733999252319336,488507000.0,3,12,9,49,-0.04197827039330604,0.04005551707814528,0
30.147859573364258,30.197999954223633,31.30500030517578,29.861000061035156,31.149999618530273,488825000.0,4,12,10,49,-0.009576904528911467,0.03953408882290041,0
28.114242553710938,28.160999298095703,30.29400062561035,28.115999221801758,30.249000549316406,598344000.0,0,12,13,50,-0.06745482016079762,0.04234810133035216,0
28.289949417114258,28.336999893188477,28.67799949645996,27.25,27.698999404907227,667035000.0,1,12,14,50,0.0062497993494383675,0.04233961409251908,1
30.408428192138672,30.458999633789062,30.5,27.83799934387207,28.399999618530273,698297000.0,2,12,15,50,0.07488441784942323,0.04569792518343773,1
28.33987045288086,28.386999130249023,31.15999984741211,28.093000411987305,31.152000427246094,707366000.0,3,12,16,50,-0.06802588819238531,0.04777558200908716,0
27.754840850830078,27.801000595092773,28.922000885009766,27.760000228881836,27.985000610351562,713758000.0,4,12,17,50,-0.020643201222767305,0.043748202826513295,0
27.672977447509766,27.7189998626709,28.143999099731445,27.145000457763672,27.30500030517578,461847000.0,0,12,20,51,-0.0029495604714439017,0.04234442719601781,0
29.02672576904297,29.075000762939453,29.1200008392334,27.400999069213867,28.374000549316406,524385000.0,1,12,21,51,0.04891954641172602,0.043781393503332704,0
29.35118293762207,29.399999618530273,29.55500030517578,28.448999404907227,28.891000747680664,395184000.0,2,12,22,51,0.011177948308262131,0.04390221262040754,0
29.590787887573242,29.639999389648438,30.05900001525879,29.430999755859375,29.7549991607666,343022000.0,3,12,23,51,0.008163257626945475,0.043339200514191004,0
30.89362144470215,30.94499969482422,31.086999893188477,29.639999389648438,29.65999984741211,403686000.0,0,12,27,52,0.044028351283689426,0.04392444017481503,0
30.271656036376953,30.32200050354004,31.329999923706055,30.011999130249023,31.312000274658203,420591000.0,1,12,28,52,-0.02013246719754791,0.04181047310340698,0
29.95118522644043,30.000999450683594,30.54800033569336,29.365999221801758,30.273000717163086,343139000.0,2,12,29,52,-0.010586407477269466,0.04165226876343412,0
29.53687858581543,29.586000442504883,30.457000732421875,29.540000915527344,29.82699966430664,308864000.0,3,12,30,52,-0.013832839431262789,0.04094244876646413,0
29.36216926574707,29.410999298095703,30.030000686645508,29.33099937438965,29.673999786376953,266530000.0,4,12,31,52,-0.005914998370572744,0.040547255549146975,0
30.070985794067383,30.121000289916992,30.711000442504883,29.78499984741211,29.815000534057617,391547000.0,0,1,3,1,0.024140661955245335,0.039797869816854445,0
29.24136734008789,29.290000915527344,30.468000411987305,28.349000930786133,30.277000427246094,527154000.0,1,1,4,1,-0.027588704438471945,0.039995746264248816,0
27.558170318603516,27.604000091552734,29.416000366210938,27.533000946044922,28.948999404907227,498064000.0,2,1,5,1,-0.05756233428728985,0.03720305123240173,0
28.13121223449707,28.17799949645996,28.437999725341797,27.065000534057617,27.639999389648438,454186000.0,3,1,6,1,0.020794066186185844,0.03761844387640007,0
27.20176124572754,27.246999740600586,28.422000885009766,27.05699920654297,28.141000747680664,409939000.0,4,1,7,1,-0.03303995217887412,0.037211841416119634,0
27.354507446289062,27.399999618530273,27.4689998626709,25.643999099731445,26.58099937438965,594681000.0,0,1,10,2,0.0056152926702495165,0.037267385765391,0
27.77081298828125,27.816999435424805,28.065000534057617,26.839000701904297,27.322999954223633,404089000.0,1,1,11,2,0.015218971631390854,0.03435149356339711,0
27.9525146484375,27.999000549316406,28.594999313354492,27.607999801635742,28.066999435424805,383413000.0,2,1,12,2,0.006542801796940889,0.034354385933314656,0
26.530874252319336,26.575000762939453,28.479999542236328,26.49799919128418,28.378999710083008,540171000.0,3,1,13,2,-0.05085895062106849,0.03129039968591037,0
26.89726448059082,26.941999435424805,27.19700050354004,26.209999084472656,26.299999237060547,395832000.0,4,1,14,2,0.013809921428004523,0.027972293785086238,0
25.85999298095703,25.902999877929688,26.63800048828125,25.770000457763672,26.260000228881836,424270000.0,1,1,18,3,-0.03856430774506603,0.02886578389157142,0
25.025381088256836,25.066999435424805,26.542999267578125,25.052000045776367,26.07900047302246,488315000.0,2,1,19,3,-0.03227427118266657,0.029591728384634867,0
24.109905242919922,24.149999618530273,25.57900047302246,24.077999114990234,25.304000854492188,435181000.0,3,1,20,3,-0.036581953865552075,0.027559687241616657,0
23.33519172668457,23.374000549316406,24.822999954223633,23.26300048828125,23.506999969482422,718958000.0,4,1,21,3,-0.03213246714167417,0.027602845527453804,0
23.333194732666016,23.371999740600586,23.3799991607666,20.88800048828125,22.329999923706055,913982000.0,0,1,24,4,-8.559975480448845e-05,0.027361413634192512,0
22.286935806274414,22.323999404907227,22.94300079345703,22.0,22.54599952697754,664616000.0,1,1,25,4,-0.04483999432332819,0.024990957510637412,0
22.734188079833984,22.77199935913086,24.05699920654297,22.299999237060547,23.239999771118164,755959000.0,2,1,26,4,0.02006808664065618,0.02621860331226277,0
21.90756607055664,21.944000244140625,23.9950008392334,21.674999237060547,23.56800079345703,573353000.0,3,1,27,4,-0.036360404808207236,0.02667741587757256,0
22.802078247070312,22.84000015258789,22.857999801635742,21.29599952697754,22.011999130249023,543774000.0,4,1,28,4,0.040831202081603735,0.029475414727312153,0
24.44534683227539,24.486000061035156,24.509000778198242,23.052000045776367,23.18199920654297,564680000.0,0,1,31,5,0.07206654542253865,0.035020139188768264,0
24.597091674804688,24.63800048828125,25.145000457763672,23.889999389648438,25.104000091552734,518925000.0,1,2,1,5,0.0062076462822513445,0.034362753769653746,0
25.200090408325195,25.242000579833984,25.816999435424805,24.55299949645996,25.79400062561035,543419000.0,2,2,2,5,0.02451498009507791,0.03488527198024518,0
23.908239364624023,23.947999954223633,25.07699966430664,23.780000686645508,24.45800018310547,410178000.0,3,2,3,5,-0.05126379034489592,0.03442863677319108,0
24.278621673583984,24.319000244140625,24.635000228881836,23.631999969482422,23.972000122070312,354829000.0,4,2,4,5,0.015491911250465895,0.03422709446475871,0
24.686939239501953,24.72800064086914,25.18199920654297,24.20199966430664,24.371999740600586,376868000.0,0,2,7,6,0.016818141889984206,0.03402905324141866,0
25.06631088256836,25.107999801635742,25.229999542236328,23.979999542236328,24.358999252319336,410359000.0,1,2,8,6,0.01536716074564315,0.03424759987977791,0
26.66065788269043,26.704999923706055,26.725000381469727,25.35300064086914,25.621999740600586,524282000.0,2,2,9,6,0.06360523079047775,0.03724023300075228,0
25.781118392944336,25.823999404907227,26.924999237060547,25.600000381469727,25.9950008392334,513200000.0,3,2,10,6,-0.032990096285930415,0.03784177471437822,0
23.909238815307617,23.948999404907227,26.152000427246094,23.773000717163086,25.916000366210938,605472000.0,4,2,11,6,-0.07260687899658569,0.039552358853618734,0
24.22670555114746,24.267000198364258,24.875,23.7549991607666,23.93400001525879,440424000.0,0,2,14,7,0.01327824967050062,0.03953961970955614,0
26.451011657714844,26.4950008392334,26.545000076293945,24.784000396728516,24.948999404907227,699869000.0,1,2,15,7,0.09181195131894881,0.04410680978590366,0
26.466983795166016,26.51099967956543,26.582000732421875,25.552000045776367,26.259000778198242,732676000.0,2,2,16,7,0.0006038437375075478,0.04336681633671572,1
24.466310501098633,24.506999969482422,25.78499984741211,24.165000915527344,25.6299991607666,810595000.0,3,2,17,7,-0.07559125398155708,0.046066627833530646,1
23.60274314880371,23.642000198364258,24.986000061035156,23.100000381469727,24.667999267578125,761255000.0,4,2,18,7,-0.03529602857123737,0.04619430987052688,1
23.351165771484375,23.389999389648438,24.06399917602539,23.0,23.03499984741211,633422000.0,1,2,22,8,-0.010659030818097048,0.046274827463863605,1
22.349828720092773,22.386999130249023,24.155000686645508,22.301000595092773,23.802000045776367,566511000.0,2,2,23,8,-0.04288158553109267,0.046174567552245215,1
23.708574295043945,23.74799919128418,23.799999237060547,20.889999389648438,21.014999389648438,735801000.0,3,2,24,8,0.060794216014248725,0.047917838690021315,1
24.116886138916016,24.156999588012695,24.216999053955078,23.381000518798828,23.72100067138672,528866000.0,4,2,25,8,0.017222520239878802,0.047080947855390035,1
24.344512939453125,24.385000228881836,24.665000915527344,23.707000732421875,23.992000579833984,477319000.0,0,2,28,9,0.009438284752146142,0.046371856800577885,0
23.438018798828125,23.476999282836914,24.37700080871582,23.131999969482422,24.291000366210938,412056000.0,1,3,1,9,-0.037236044187913375,0.044361834817228996,0
24.18390464782715,24.219999313354492,24.409000396728516,23.415000915527344,23.756000518798828,389642000.0,2,3,2,9,0.031647998177550596,0.04494536524148179,0
23.67865753173828,23.714000701904297,24.326000213623047,23.4689998626709,24.261999130249023,365095000.0,3,3,3,9,-0.020891768199646332,0.04479392731681302,0
22.901819229125977,22.93600082397461,23.68000030517578,22.48200035095215,23.384000778198242,431415000.0,4,3,4,9,-0.03280761806957411,0.043910637788146106,1
21.320178985595703,21.351999282836914,23.033000946044922,21.329999923706055,22.816999435424805,450821000.0,0,3,7,10,-0.06906180171924159,0.046223956173997806,1
21.48194122314453,21.513999938964844,22.37299919128418,20.649999618530273,21.30900001525879,557467000.0,1,3,8,10,0.007587142261574975,0.04603537749171135,1
22.97970199584961,23.013999938964844,23.219999313354492,22.246999740600586,22.386999130249023,492742000.0,2,3,9,10,0.06972204165917528,0.048875868227153035,1
22.624237060546875,22.658000946044922,22.788000106811523,21.881999969482422,22.5310001373291,428066000.0,3,3,10,10,-0.015468801332409132,0.04631735643918682,1
22.06707000732422,22.100000381469727,23.145000457763672,22.04599952697754,23.02199935913086,367209000.0,4,3,11,10,-0.024627087177900298,0.04610926116488644,0
21.298213958740234,21.329999923706055,22.261999130249023,21.159000396728516,21.868999481201172,385354000.0,0,3,14,11,-0.03484164907116005,0.04399521427899074,1
22.938762664794922,22.972999572753906,23.038000106811523,21.32200050354004,21.51799964904785,491996000.0,1,3,15,11,0.07702764439402698,0.04754485379529839,0
24.45949363708496,24.496000289916992,24.597000122070312,23.172000885009766,23.5,671422000.0,2,3,16,11,0.06629524857386815,0.04518809864039067,0
24.72909164428711,24.766000747680664,24.841999053955078,23.9060001373291,24.1200008392334,471941000.0,3,3,17,11,0.01102222626421212,0.04529117016553611,0
26.41357421875,26.452999114990234,26.569000244140625,24.624000549316406,24.798999786376953,730719000.0,4,3,18,11,0.06811751257285881,0.044465457085420525,0
26.69415855407715,26.733999252319336,27.152000427246094,25.966999053955078,26.506999969482422,591727000.0,0,3,21,12,0.01062261923903618,0.04346278677597086,0
26.484472274780273,26.52400016784668,27.238000869750977,26.07200050354004,26.726999282836914,547007000.0,1,3,22,12,-0.007855131680473804,0.04340714029915357,0
25.59579849243164,25.634000778198242,26.61199951171875,25.575000762939453,26.125999450683594,502120000.0,2,3,23,12,-0.03355449344052286,0.04288785428976028,1
28.108047485351562,28.149999618530273,28.31999969482422,25.906999588012695,26.166000366210938,877379000.0,3,3,24,12,0.09815084512566186,0.046022729209506015,1
27.650733947753906,27.691999435424805,28.357999801635742,27.270999908447266,27.88599967956543,579016000.0,4,3,25,12,-0.01626998896312526,0.04633619430564943,1
28.17694854736328,28.2189998626709,28.25,27.20599937438965,27.756000518798828,425494000.0,0,3,28,13,0.019030782825018022,0.04640308810499927,0
28.61329460144043,28.6560001373291,28.945999145507812,27.979999542236328,28.69499969482422,488984000.0,1,3,29,13,0.015486029865866557,0.04515913245246798,1
27.64873695373535,27.690000534057617,28.496000289916992,27.503000259399414,28.304000854492188,463487000.0,2,3,30,13,-0.033710203749375056,0.045941786874163386,1
27.245332717895508,27.285999298095703,28.24799919128418,27.270000457763672,27.781999588012695,523440000.0,3,3,31,13,-0.014590149085226933,0.045756621912537224,0
26.67219352722168,26.711999893188477,27.496000289916992,26.267000198364258,27.375,517235000.0,4,4,1,13,-0.021036407669602464,0.04527709995687841,0
27.31922721862793,27.360000610351562,27.558000564575195,26.613000869750977,26.72800064086914,397120000.0,0,4,4,14,0.02425878705279283,0.0415035017991778,0
25.892356872558594,25.930999755859375,27.319000244140625,25.81999969482422,27.253999710083008,436615000.0,1,4,5,14,-0.052229562230036275,0.044013796195466866,0
24.370624542236328,24.406999588012695,25.299999237060547,24.003000259399414,24.93400001525879,703833000.0,2,4,6,14,-0.058771361775294295,0.0442574039478539,0
24.171924591064453,24.20800018310547,24.722000122070312,23.47800064086914,24.44099998474121,557992000.0,3,4,7,14,-0.008153374370726163,0.044119327321255584,0
23.084548950195312,23.118999481201172,23.92300033569336,23.062000274658203,23.91699981689453,524781000.0,4,4,8,14,-0.044985157537478004,0.04504500669890921,1
21.884336471557617,21.91699981689453,22.31999969482422,21.65999984741211,22.214000701904297,575207000.0,0,4,11,15,-0.051991854806866855,0.04596124890545638,0
21.471952438354492,21.503999710083008,22.725000381469727,21.281999588012695,22.53700065612793,662258000.0,1,4,12,15,-0.018843824896743633,0.04264162074659794,0
22.169910430908203,22.202999114990234,22.5,21.454999923706055,21.72800064086914,516943000.0,2,4,13,15,0.0325055531217977,0.040384153804753985,0
21.226318359375,21.257999420166016,22.777000427246094,21.163000106811523,22.5049991607666,569097000.0,3,4,14,15,-0.0425618039225254,0.04109649263949289,0
21.750539779663086,21.783000946044922,22.08799934387207,21.07900047302246,21.200000762939453,525701000.0,0,4,18,16,0.024696657267798905,0.03795634230223044,0
22.164918899536133,22.197999954223633,22.37299919128418,21.31399917602539,21.719999313354492,512781000.0,1,4,19,16,0.019051507604789464,0.03823136988671323,0
21.449983596801758,21.48200035095215,22.670000076293945,21.200000762939453,22.517000198364258,468974000.0,2,4,20,16,-0.03225514031660548,0.038594987095986695,0
20.152923583984375,20.183000564575195,22.392000198364258,20.0,21.708999633789062,656209000.0,3,4,21,16,-0.060469219120898976,0.03991396785491261,0
19.485916137695312,19.514999389648438,20.486000061035156,19.5,20.30299949645996,624713000.0,4,4,22,16,-0.0330972182649204,0.030734149656487512,0
19.87234115600586,19.902000427246094,19.94499969482422,19.09600067138672,19.20199966430664,641566000.0,0,4,25,17,0.01983095309769456,0.031861793259709156,0
18.760000228881836,18.788000106811523,19.788000106811523,18.670000076293945,19.718000411987305,653143000.0,1,4,26,17,-0.05597428884131117,0.03194900711347375,0
18.387557983398438,18.415000915527344,19.16699981689453,18.290000915527344,18.597999572753906,499460000.0,2,4,27,17,-0.01985305456480968,0.030862739666625307,0
19.752519607543945,19.781999588012695,20.03700065612793,18.489999771118164,18.966999053955078,570327000.0,3,4,28,17,0.07423288647966952,0.0373540116632381,0
18.519363403320312,18.547000885009766,20.128000259399414,18.517000198364258,19.402000427246094,500435000.0,4,4,29,17,-0.062430428102490776,0.03876335392311596,0
19.50389289855957,19.533000946044922,19.573999404907227,18.391000747680664,18.541000366210938,572049000.0,0,5,2,18,0.053162237234380516,0.04192025780059243,0
19.572786331176758,19.601999282836914,19.825000762939453,19.132999420166016,19.399999618530273,475751000.0,1,5,3,18,0.003532398169773465,0.04115583979239995,0
20.30369758605957,20.333999633789062,20.399999618530273,18.750999450683594,19.92300033569336,648855000.0,2,5,4,18,0.03734314752235868,0.04184286013837166,0
18.815914154052734,18.8439998626709,19.924999237060547,18.5,19.867000579833984,626331000.0,3,5,5,18,-0.07327627608698428,0.04282405121986554,0
18.64716911315918,18.674999237060547,19.511999130249023,17.989999771118164,18.736000061035156,633297000.0,4,5,6,18,-0.00896840516036801,0.042820608978487926,1
16.92473793029785,16.950000762939453,18.2549991607666,16.82699966430664,18.034000396728516,644455000.0,0,5,9,19,-0.09236939997822502,0.045938046535279005,1
17.568777084350586,17.594999313354492,18.197999954223633,17.024999618530273,17.68899917602539,761474000.0,1,5,10,19,0.03805301011108542,0.04646796524307082,1
16.605215072631836,16.6299991607666,17.753000259399414,16.56800079345703,17.347000122070312,670167000.0,2,5,11,19,-0.054845137268943356,0.04751871997211152,1
16.150896072387695,16.174999237060547,16.788000106811523,15.567000389099121,16.2189998626709,708728000.0,3,5,12,19,-0.02736018921633432,0.04646238160921574,1
17.67961311340332,17.70599937438965,17.92799949645996,16.593000411987305,16.788000106811523,670437000.0,4,5,13,19,0.09465225406757583,0.05193644271156643,1
17.238269805908203,17.263999938964844,17.788000106811523,17.106000900268555,17.509000778198242,521446000.0,0,5,16,20,-0.024963258276407885,0.05148531729974093,1
18.1499080657959,18.177000045776367,18.371000289916992,17.634000778198242,18.073999404907227,585830000.0,1,5,17,20,0.05288462175853481,0.05303305014687716,1
16.912757873535156,16.937999725341797,18.118000030517578,16.86400032043457,17.704999923706055,545161000.0,2,5,18,20,-0.06816308066866439,0.05446423133407588,1
17.098482131958008,17.124000549316406,17.687000274658203,16.733999252319336,16.937000274658203,621310000.0,3,5,19,20,0.01098127447105357,0.053339148974322355,1
16.66912269592285,16.694000244140625,17.40999984741211,15.755000114440918,17.332000732421875,739105000.0,4,5,20,20,-0.02511097240025184,0.05316176503323635,1
16.872819900512695,16.898000717163086,16.915000915527344,16.179000854492188,16.27400016784668,639889000.0,0,5,23,21,0.012219987422970258,0.05299083746884076,1
16.129926681518555,16.15399932861328,16.597000122070312,15.779999732971191,16.510000228881836,588550000.0,1,5,24,21,-0.044028959461111405,0.052472348747624,1
16.949703216552734,16.975000381469727,17.111000061035156,16.0,16.020000457763672,781132000.0,2,5,25,21,0.05082339278064851,0.05386692955372868,1
17.82439422607422,17.85099983215332,18.091999053955078,16.02199935913086,16.035999298095703,996575000.0,3,5,26,21,0.05160526839456536,0.05238365744689333,1
18.78296661376953,18.81100082397461,18.881000518798828,18.100000381469727,18.18600082397461,738379000.0,4,5,27,21,0.053778555870698685,0.05198301572555137,1
18.64417266845703,18.672000885009766,19.200000762939453,18.350000381469727,18.979999542236328,664100000.0,1,5,31,22,-0.007389289930160858,0.05059093142834775,1
18.29269790649414,18.31999969482422,19.05299949645996,18.121999740600586,18.724000930786133,544514000.0,2,6,1,22,-0.01885181948915504,0.050732088494791994,1
19.56280517578125,19.591999053955078,19.618999481201172,18.197999954223633,18.29199981689453,648656000.0,3,6,2,22,0.06943228058514794,0.05252264302575746,1
18.692102432250977,18.719999313354492,19.332000732421875,18.52199935913086,19.082000732421875,598779000.0,4,6,3,22,-0.04450795134274743,0.05079133951480251,1
18.75800323486328,18.785999298095703,19.336999893188477,18.56399917602539,19.138999938964844,422406000.0,0,6,6,23,0.0035256403398544744,0.05074046782590453,1
18.897796630859375,18.926000595092773,19.0,18.187999725341797,18.472000122070312,388914000.0,1,6,7,23,0.007452427458104927,0.04567585908208874,0
18.624147415161133,18.648000717163086,19.18000030517578,18.53499984741211,18.798999786376953,363252000.0,2,6,8,23,-0.014688780999075335,0.04527964394409276,0
18.024911880493164,18.04800033569336,18.933000564575195,18.041000366210938,18.481000900268555,395574000.0,3,6,9,23,-0.03217505139398147,0.04399799865249488,1
16.952289581298828,16.974000930786133,17.69700050354004,16.868999481201172,17.600000381469727,465248000.0,4,6,10,23,-0.059507944643772404,0.045793269460186546,0
15.626984596252441,15.647000312805176,16.312000274658203,15.605999946594238,16.0,604153000.0,0,6,13,24,-0.07817842260006869,0.04393622607240245,0
15.815742492675781,15.836000442504883,16.06599998474121,15.411999702453613,15.730999946594238,469680000.0,1,6,14,24,0.012079000825802488,0.043841827936240814,0
16.505859375,16.527000427246094,16.868000030517578,15.925999641418457,16.094999313354492,563936000.0,2,6,15,24,0.0436347540687434,0.04326187683688174,0
15.581042289733887,15.60099983215332,15.942000389099121,15.401000022888184,15.859999656677246,545749000.0,3,6,16,24,-0.056029561998811706,0.04238884383545416,0
15.859686851501465,15.880000114440918,15.994999885559082,15.32800006866455,15.64799976348877,630334000.0,4,6,17,24,0.017883487294999112,0.04253861192282447,0
16.544809341430664,16.56599998474121,17.007999420166016,16.406999588012695,16.475000381469727,483089000.0,1,6,21,25,0.043198983964519044,0.04339527325583808,0
16.339073181152344,16.360000610351562,16.66200065612793,16.18000030517578,16.22599983215332,437135000.0,2,6,22,25,-0.012435070299371742,0.04339542171793934,0
16.204242706298828,16.225000381469727,16.584999084472656,15.852999687194824,16.518999099731445,463680000.0,3,6,23,25,-0.008251847423307312,0.04223809558168209,0
17.10409164428711,17.125999450683594,17.139999389648438,16.309999465942383,16.5,472153000.0,4,6,24,25,0.05553152838399211,0.04254200909569682,0
16.84741973876953,16.868999481201172,17.329999923706055,16.625999450683594,17.312000274658203,427968000.0,0,6,27,26,-0.015006421681986182,0.04097544774948217,0
15.961556434631348,15.982000350952148,17.20199966430664,15.944999694824219,16.899999618530273,461149000.0,1,6,28,26,-0.052581608721815165,0.04024726870370634,0
15.52211856842041,15.541999816894531,15.819999694824219,15.170000076293945,15.814000129699707,482352000.0,2,6,29,26,-0.02753100515552198,0.040499686602636996,0
15.139609336853027,15.159000396728516,15.567000389099121,14.862000465393066,15.361000061035156,686070000.0,3,6,30,26,-0.024642866084047088,0.04059929729072375,0
14.50442123413086,14.52299976348877,15.062999725341797,14.392000198364258,14.89900016784668,577610000.0,4,7,1,26,-0.04195531476976555,0.036786755873534534,0
14.944859504699707,14.96399974822998,14.970999717712402,14.055000305175781,14.175000190734863,651397000.0,1,7,5,27,0.03036562638043261,0.037346638042437076,0
15.11064624786377,15.130000114440918,15.319000244140625,14.788999557495117,15.010000228881836,529066000.0,2,7,6,27,0.01109331522346313,0.03753372165267402,0
15.837716102600098,15.857999801635742,15.944999694824219,15.388999938964844,15.456000328063965,492903000.0,3,7,7,27,0.04811630414331458,0.039579473627982156,0
15.817741394042969,15.838000297546387,16.03700065612793,15.388999938964844,15.430000305175781,467972000.0,4,7,8,27,-0.0012611618324835927,0.039574891300020044,0
15.132617950439453,15.152000427246094,15.527000427246094,15.038000106811523,15.526000022888184,437321000.0,0,7,11,28,-0.043313540687744956,0.04001804233916727,0
15.062707901000977,15.081999778747559,15.430999755859375,14.876999855041504,15.267999649047852,458483000.0,1,7,12,28,-0.004619894833995719,0.03813309146336952,0
15.14460277557373,15.163999557495117,15.375,14.46500015258789,14.59000015258789,521918000.0,2,7,13,28,0.00543693011208668,0.03407841831282425,0
15.352335929870605,15.371999740600586,15.472999572753906,14.727999687194824,15.107999801635742,456235000.0,3,7,14,28,0.013716709916590686,0.034113485301172516,0
15.741835594177246,15.76200008392334,15.781999588012695,15.444999694824219,15.659000396728516,385935000.0,4,7,15,28,0.025370826821749404,0.033086658806637866,0
16.080402374267578,16.10099983215332,16.89699935913086,16.00200080871582,16.302000045776367,670517000.0,0,7,18,29,0.021507406828131348,0.030872142915959647,0
16.97026252746582,16.992000579833984,17.110000610351562,16.172000885009766,16.486000061035156,702366000.0,1,7,19,29,0.05533822476672268,0.03295044285667409,0
17.78421974182129,17.80699920654297,17.933000564575195,16.801000595092773,16.94700050354004,760538000.0,2,7,20,29,0.04796366518938444,0.03326522334278313,0
18.026906967163086,18.049999237060547,18.143999099731445,17.545000076293945,17.885000228881836,557049000.0,3,7,21,29,0.013646321185227572,0.0330919315959216,0
17.296844482421875,17.319000244140625,17.966999053955078,17.136999130249023,17.89299964904785,536671000.0,4,7,22,29,-0.04049856087633641,0.03454800796574426,0
17.00222396850586,17.02400016784668,17.124000549316406,16.64900016784668,17.018999099731445,480748000.0,0,7,25,30,-0.01703332017642012,0.03258772328577379,0
16.511852264404297,16.533000946044922,16.91900062561035,16.47800064086914,16.888999938964844,397865000.0,1,7,26,30,-0.028841589342151863,0.03307089432521349,0
17.76724624633789,17.790000915527344,17.93600082397461,16.913000106811523,17.031999588012695,569776000.0,2,7,27,30,0.07602975246808574,0.034863422408502966,0
17.96099281311035,17.983999252319336,18.139999389648438,17.440000534057617,17.975000381469727,474646000.0,3,7,28,30,0.010904908758192722,0.03396890590380188,0
18.139766693115234,18.163000106811523,18.243999481201172,17.691999435424805,17.812999725341797,435460000.0,4,7,29,30,0.009953339742777345,0.033095966989123246,0
18.41741180419922,18.44099998474121,18.84600067138672,17.989999771118164,18.18199920654297,476469000.0,0,8,1,31,0.015305834735167556,0.030798701336232692,0
18.502304077148438,18.525999069213867,18.937999725341797,18.091999053955078,18.121999740600586,489527000.0,1,8,2,31,0.0046092448643233475,0.030548016330884685,0
18.868831634521484,18.89299964904785,18.968000411987305,18.136999130249023,18.18400001525879,418146000.0,2,8,3,31,0.019810029054997624,0.030608966999451127,0
19.190420150756836,19.21500015258789,19.27400016784668,18.760000228881836,18.849000930786133,409652000.0,3,8,4,31,0.017043376357457785,0.029423962091017712,0
18.964710235595703,18.98900032043457,19.229000091552734,18.666000366210938,18.809999465942383,386068000.0,4,8,5,31,-0.01176163571993949,0.029728583943275853,0
17.770238876342773,17.792999267578125,18.23900032043457,17.242000579833984,17.50200080871582,981859000.0,0,8,8,32,-0.0629838871280336,0.031820549783516644,0
17.064144134521484,17.086000442504883,17.44700050354004,16.724000930786133,17.25200080871582,668263000.0,1,8,9,32,-0.03973466274241433,0.03350911209710226,0
18.073850631713867,18.097000122070312,18.118000030517578,17.316999435424805,17.697999954223633,597422000.0,2,8,10,32,0.05917123103019262,0.035490574652842,0
17.919050216674805,17.941999435424805,18.707000732421875,17.875999450683594,18.131000518798828,509327000.0,3,8,11,32,-0.008564993402220056,0.03569955093184567,0
18.685068130493164,18.708999633789062,18.718000411987305,17.952999114990234,18.15999984741211,478094000.0,4,8,12,32,0.042748869830521175,0.03634104928855198,0
19.007654190063477,19.031999588012695,19.163999557495117,18.613000869750977,18.701000213623047,457666000.0,0,8,15,33,0.017264416085629897,0.03627793887468451,0
18.85485076904297,18.878999710083008,19.142000198364258,18.500999450683594,18.920000076293945,451240000.0,1,8,16,33,-0.008039085815557456,0.03475500862523797,0
18.31154441833496,18.334999084472656,18.687999725341797,18.145000457763672,18.523000717163086,446799000.0,2,8,17,33,-0.028815119125183752,0.034092452224021616,0
18.748991012573242,18.773000717163086,18.864999771118164,18.183000564575195,18.301000595092773,415447000.0,3,8,18,33,0.02388882762810507,0.03435237640929646,0
17.8261661529541,17.849000930786133,18.520000457763672,17.770000457763672,18.4060001373291,441588000.0,4,8,19,33,-0.0492196106684315,0.03497688493877154,0
17.012210845947266,17.034000396728516,17.558000564575195,16.965999603271484,17.489999771118164,409593000.0,0,8,22,34,-0.04566084887428612,0.036358991588469176,0
17.159021377563477,17.180999755859375,17.46500015258789,16.969999313354492,16.98900032043457,369986000.0,1,8,23,34,0.008629761401149905,0.03571882931134037,0
17.199970245361328,17.222000122070312,17.4060001373291,16.895000457763672,17.011999130249023,522661000.0,2,8,24,34,0.0023863783710813546,0.03126066228878947,0
17.890085220336914,17.913000106811523,17.94700050354004,16.83300018310547,16.8439998626709,770691000.0,3,8,25,34,0.04012309719215956,0.03251153611482289,0
16.239198684692383,16.260000228881836,17.923999786376953,16.23699951171875,17.85700035095215,769127000.0,4,8,26,34,-0.09227934282773353,0.038415835172803725,0
15.780787467956543,15.800999641418457,16.33799934387207,15.767000198364258,16.020000457763672,496132000.0,0,8,29,35,-0.028228818019822577,0.038449771049012135,0
15.44821548461914,15.468000411987305,16.038999557495117,15.182000160217285,15.960000038146973,530181000.0,1,8,30,35,-0.02107456724182666,0.038471208301268316,0
15.074690818786621,15.093999862670898,15.539999961853027,14.958999633789062,15.383999824523926,573710000.0,2,8,31,35,-0.024178984959592142,0.03803665442157072,0
13.919172286987305,13.937000274658203,14.380000114440918,13.270000457763672,14.208999633789062,1178865000.0,3,9,1,35,-0.0766529480945658,0.04018003765294124,0
13.629542350769043,13.647000312805176,14.170999526977539,13.590999603271484,14.100000381469727,743157000.0,4,9,2,35,-0.02080791821324257,0.040190813762928365,0
13.447774887084961,13.46500015258789,13.779000282287598,13.35099983215332,13.730999946594238,535751000.0,1,9,6,36,-0.013336275814877174,0.038612457877783335,0
13.70052719116211,13.71399974822998,13.838000297546387,13.345999717712402,13.562999725341797,512657000.0,2,9,7,36,0.018492357431888706,0.03869508655444392,0
13.976255416870117,13.989999771118164,14.008000373840332,13.369000434875488,13.458999633789062,624873000.0,3,9,8,36,0.020125421318007986,0.03589408382850878,0
14.372864723205566,14.38700008392334,14.473999977111816,14.12600040435791,14.156999588012695,486612000.0,4,9,9,36,0.02837743526091896,0.037021643727045854,0
14.49074935913086,14.505000114440918,14.54699993133545,14.197999954223633,14.369000434875488,484159000.0,0,9,12,37,0.008201850964707713,0.03517550983478268,0
13.1181001663208,13.130999565124512,13.92199993133545,13.098999977111816,13.802000045776367,714956000.0,1,9,13,37,-0.09472599369016732,0.038973743524474455,0
13.115102767944336,13.128000259399414,13.289999961853027,12.913000106811523,13.253999710083008,588507000.0,2,9,14,37,-0.00022841412112017956,0.03911389042223952,0
12.916298866271973,12.928999900817871,13.232999801635742,12.789999961853027,13.015000343322754,523625000.0,3,9,15,37,-0.015158466990359942,0.03902044479907027,0
13.18503475189209,13.197999954223633,13.211999893188477,12.616999626159668,12.741999626159668,670751000.0,4,9,16,37,0.020805944424885148,0.038857972765040376,0
13.368853569030762,13.381999969482422,13.463000297546387,13.010000228881836,13.01200008392334,569685000.0,0,9,19,38,0.013941507493330896,0.03864371584277829,0
13.163056373596191,13.175999641418457,13.482999801635742,13.057000160217285,13.21500015258789,524818000.0,1,9,20,38,-0.015393837134490163,0.03790614472300503,0
13.24797248840332,13.26099967956543,14.031000137329102,13.109999656677246,13.213000297546387,807679000.0,2,9,21,38,0.0064511263251538775,0.03784667553421231,0
12.54865837097168,12.560999870300293,13.14900016784668,12.428000450134277,13.069999694824219,759162000.0,3,9,22,38,-0.05278635292811318,0.038731169457123085,0
12.503703117370605,12.515999794006348,12.611000061035156,12.256999969482422,12.420000076293945,663309000.0,4,9,23,38,-0.0035825234263671124,0.03663873781746185,0
12.215987205505371,12.227999687194824,12.659000396728516,12.21399974822998,12.491000175476074,547343000.0,0,9,26,39,-0.0230105554131953,0.032158249056032984,0
12.400805473327637,12.413000106811523,12.736000061035156,12.258000373840332,12.506999969482422,553854000.0,1,9,27,39,0.015129246348479342,0.03258157089928137,0
12.723487854003906,12.736000061035156,12.822999954223633,12.354000091552734,12.40999984741211,542414000.0,2,9,28,39,0.02602110299236915,0.0335387503604335,0
12.207995414733887,12.220000267028809,12.5,11.946000099182129,12.447999954223633,532763000.0,3,9,29,39,-0.04051505900859809,0.03411881549428863,0
12.127074241638184,12.138999938964844,12.633000373840332,12.074999809265137,12.086999893188477,565638000.0,4,9,30,39,-0.006628504606707275,0.030289759753821425,0
12.49970817565918,12.51200008392334,12.678000450134277,12.104999542236328,12.347000122070312,547478000.0,0,10,3,40,0.030727419625500296,0.031181320277396993,0
13.15406322479248,13.166999816894531,13.220000267028809,12.878999710083008,12.878999710083008,584182000.0,1,10,4,40,0.05234972255257575,0.03350295735507504,0
13.196023941040039,13.208999633789062,13.321000099182129,12.621000289916992,12.91100025177002,507131000.0,2,10,5,40,0.0031897788014427775,0.03321822489757929,0
13.117100715637207,13.130000114440918,13.656000137329102,13.102999687194824,13.220000267028809,644157000.0,3,10,6,40,-0.0059807344642558435,0.032841318285900485,0
12.064136505126953,12.076000213623047,12.670000076293945,12.022000312805176,12.505000114440918,672478000.0,4,10,7,40,-0.08027417301075557,0.036249900301355796,0
11.65853500366211,11.670000076293945,12.12399959564209,11.407999992370605,12.036999702453613,698699000.0,0,10,10,41,-0.03362041488464773,0.03646726418196306,0
11.574618339538574,11.586000442504883,11.845999717712402,11.282999992370605,11.560999870300293,667482000.0,1,10,11,41,-0.007197912017129826,0.03055836072084596,0
11.488702774047852,11.5,11.734999656677246,11.345000267028809,11.579000473022461,492590000.0,2,10,12,41,-0.007422789506323357,0.030531803597756726,0
11.948250770568848,11.960000038146973,12.07800006866455,10.812999725341797,10.970999717712402,850103000.0,3,10,13,41,0.04000000331712816,0.032124700678504876,0
11.215970993041992,11.22700023651123,12.111000061035156,11.204000473022461,12.057000160217285,713432000.0,4,10,14,41,-0.06128760863694027,0.03405697846218234,0
11.876319885253906,11.887999534606934,11.947999954223633,11.517000198364258,11.517999649047852,580774000.0,0,10,17,42,0.058875860351910614,0.03690831305275378,0
11.955243110656738,11.967000007629395,12.491999626159668,11.618000030517578,12.343999862670898,659362000.0,1,10,18,42,0.0066453967122461766,0.03691845066734699,0
12.039159774780273,12.050999641418457,12.350000381469727,11.833999633789062,11.878999710083008,523131000.0,2,10,19,42,0.007019272477271743,0.03692725131604513,0
12.182022094726562,12.194000244140625,12.769000053405762,12.104999542236328,12.11299991607666,652398000.0,3,10,20,42,0.011866285534577914,0.035233532382337854,0
12.453752517700195,12.465999603271484,12.498000144958496,11.88700008392334,12.097999572753906,609494000.0,4,10,21,42,0.022305999154097034,0.035602823242917116,0
12.586623191833496,12.598999977111816,12.710000038146973,12.064000129699707,12.508000373840332,517457000.0,0,10,24,43,0.010669050062012575,0.03523133708750951,0
13.24797248840332,13.26099967956543,13.300000190734863,12.663999557495117,12.694000244140625,505482000.0,1,10,25,43,0.052543829165508926,0.03691312729057683,0
12.883331298828125,12.895999908447266,13.387999534606934,12.708000183105469,12.869000434875488,532953000.0,2,10,26,43,-0.027524302838240144,0.037170076530421654,0
13.163056373596191,13.175999641418457,13.838000297546387,13.121999740600586,13.630000114440918,583113000.0,3,10,27,43,0.021712138256746005,0.036075092125852345,0
13.820408821105957,13.833999633789062,13.850000381469727,13.060999870300293,13.104000091552734,521040000.0,4,10,28,43,0.04993928432588879,0.03735971314610512,0
13.483741760253906,13.496999740600586,13.838000297546387,13.29699993133545,13.777999877929688,486341000.0,0,10,31,44,-0.024360264718047753,0.03756604473634736,0
13.529694557189941,13.543000221252441,13.925000190734863,13.519000053405762,13.810999870300293,432817000.0,1,11,1,44,0.0034082004546152067,0.03583741029822972,0
13.206013679504395,13.218999862670898,14.210000038146973,13.211000442504883,13.850000381469727,672628000.0,2,11,2,44,-0.023923824358586643,0.036300881290831546,0
13.407814025878906,13.420999526977539,13.781000137329102,12.956000328063965,13.043000221252441,500065000.0,3,11,3,44,0.015281009638033805,0.036407045420056176,0
14.142091751098633,14.156000137329102,14.229000091552734,13.696999549865723,13.986000061035156,612576000.0,4,11,4,44,0.05476496805428965,0.03273456879050289,0
14.286951065063477,14.300999641418457,14.411999702453613,13.954000473022461,14.227999687194824,410061000.0,0,11,7,45,0.010242971367808495,0.03119846325352639,0
14.587655067443848,14.60200023651123,14.890999794006348,14.215999603271484,14.800999641418457,595292000.0,1,11,8,45,0.021047521336971187,0.030985254105770743,0
13.762466430664062,13.776000022888184,14.211000442504883,13.758999824523926,14.161999702453613,454414000.0,2,11,9,45,-0.056567607193820924,0.034377169311958194,0
15.734526634216309,15.75,15.77299976348877,14.54699993133545,14.800000190734863,700819000.0,3,11,10,45,0.14329268102730164,0.04522651235748314,0
16.31096076965332,16.32699966430664,16.388999938964844,15.482000350952148,15.807000160217285,655487000.0,4,11,11,45,0.03663489932105657,0.04172074451318013,0
16.278993606567383,16.295000076293945,16.540000915527344,15.92199993133545,16.218000411987305,527852000.0,0,11,14,46,-0.001959918458420251,0.04092378924116696,0
16.649625778198242,16.666000366210938,16.99799919128418,16.381999969482422,16.722000122070312,545876000.0,1,11,15,46,0.022767737844734626,0.040875067373953446,0
15.894370079040527,15.90999984741211,16.36199951171875,15.873000144958496,16.16200065612793,649547000.0,2,11,16,46,-0.045361844604993706,0.043191634138758594,0
15.661598205566406,15.677000045776367,16.266000747680664,15.53499984741211,15.71500015258789,710894000.0,3,11,17,46,-0.014644865108131455,0.043691588978022146,0
15.3938627243042,15.409000396728516,16.00200080871582,15.119999885559082,15.965999603271484,492072000.0,4,11,18,46,-0.017095085045946368,0.04416004979336404,0
15.301952362060547,15.317000389099121,15.47700023651123,15.079999923706055,15.147000312805176,404739000.0,0,11,21,47,-0.00597053704073669,0.04433379209084513,0
16.022245407104492,16.038000106811523,16.058000564575195,15.121999740600586,15.32800006866455,472866000.0,1,11,22,47,0.047071861291165584,0.04407819048000535,0
16.502771377563477,16.518999099731445,16.527000427246094,16.04800033569336,16.097999572753906,427241000.0,2,11,23,47,0.029991207738902403,0.043341161342847816,0
16.254016876220703,16.270000457763672,16.48699951171875,16.172000885009766,16.31800079345703,167934000.0,4,11,25,47,-0.01507347027894812,0.043744650762601284,0
15.811450004577637,15.82699966430664,16.35700035095215,15.725000381469727,16.025999069213867,303741000.0,0,11,28,48,-0.027228075045667377,0.043576228063709914,0
15.623634338378906,15.638999938964844,15.932000160217285,15.520000457763672,15.82699966430664,298384000.0,1,11,29,48,-0.011878418482928144,0.04318176360525997,1
16.91069793701172,16.92300033569336,16.93000030517578,15.597000122070312,15.696999549865723,565298000.0,2,11,30,48,0.08210246190547044,0.04619826365466032,0
17.122543334960938,17.135000228881836,17.264999389648438,16.635000228881836,16.999000549316406,470977000.0,3,12,1,48,0.01252732310956306,0.045411509955685846,1
16.863733291625977,16.875999450683594,16.933000564575195,16.44499969482422,16.659000396728516,371389000.0,4,12,2,48,-0.015115306375174997,0.045872589595777724,0
16.59792709350586,16.610000610351562,16.9950008392334,16.472000122070312,16.679000854492188,352255000.0,0,12,5,49,-0.015761960712866507,0.04515593993092203,1
15.975379943847656,15.987000465393066,16.572999954223633,15.819000244140625,16.530000686645508,352694000.0,1,12,6,49,-0.037507532935925014,0.04633110095460951,1
16.10828399658203,16.1200008392334,16.18600082397461,15.666999816894531,15.772000312805176,372388000.0,2,12,7,49,0.008319282540101058,0.04620893298099023,1
17.15652084350586,17.16900062561035,17.179000854492188,15.958999633789062,16.273000717163086,515456000.0,3,12,8,49,0.06507442504741445,0.04555101971903022,0
16.98863983154297,17.000999450683594,17.58300018310547,16.975000381469727,17.15999984741211,465338000.0,4,12,9,49,-0.009785145832900577,0.0336319286500745,0
17.522254943847656,17.53499984741211,17.538000106811523,16.797000885009766,17.03700065612793,457328000.0,0,12,12,50,0.031409941414182185,0.033387393218827964,0
18.058866500854492,18.07200050354004,18.790000915527344,17.711000442504883,18.5310001373291,656589000.0,1,12,13,50,0.030624503039683892,0.03386798375498184,0
17.66115379333496,17.673999786376953,18.25200080871582,17.420000076293945,17.98699951171875,496888000.0,2,12,14,50,-0.022023058105001936,0.03416123160918689,0
16.939678192138672,16.95199966430664,17.31999969482422,16.700000762939453,17.145999908447266,478542000.0,3,12,15,50,-0.040850974923448136,0.03383509791064145,0
16.558956146240234,16.570999145507812,17.041000366210938,16.40999984741211,16.86400032043457,478232000.0,4,12,16,50,-0.02247525521139815,0.034102904195947165,0
16.242183685302734,16.253999710083008,16.608999252319336,16.145000457763672,16.57200050354004,354039000.0,0,12,19,51,-0.019129771997528522,0.0341699730221551,0
16.07331085205078,16.084999084472656,16.309999465942383,15.85200023651123,16.06399917602539,403260000.0,1,12,20,51,-0.010397479305079171,0.03424686631774321,0
16.48900604248047,16.500999450683594,16.62700080871582,16.101999282836914,16.11400032043457,325025000.0,2,12,21,51,0.02586262915069204,0.03312000893082072,0
15.327850341796875,15.33899974822998,16.13800048828125,14.881999969482422,16.0939998626709,565045000.0,3,12,22,51,-0.07041995885924801,0.0361179257461793,0
15.194947242736816,15.206000328063965,15.33899974822998,14.883000373840332,15.196000099182129,349326000.0,4,12,23,51,-0.008670670992178775,0.03603436203550853,0
14.110736846923828,14.121000289916992,15.100000381469727,14.055999755859375,15.074000358581543,464902000.0,1,12,27,52,-0.07135341409565232,0.03885160990557028,0
14.025797843933105,14.03600025177002,14.26200008392334,13.883999824523926,13.927000045776367,351066000.0,2,12,28,52,-0.006019406302800401,0.03881887170338652,0
14.592386245727539,14.602999687194824,14.682999610900879,14.22700023651123,14.402000427246094,354923000.0,3,12,29,52,0.040396083303952945,0.03482657940893539,0
14.60338020324707,14.61400032043457,14.628999710083008,14.232999801635742,14.333999633789062,310490000.0,4,12,30,52,0.0007533132558643629,0.034581959837096214,0
14.304594039916992,14.3149995803833,14.996000289916992,14.095999717712402,14.85099983215332,401277000.0,1,1,3,1,-0.020459883228083786,0.03466564393925329,0
14.738280296325684,14.74899959564209,14.852999687194824,14.241000175476074,14.567000389099121,431324000.0,2,1,4,1,0.03031785036539758,0.035614395445221665,0
14.254632949829102,14.265000343322754,14.564000129699707,14.14799976348877,14.491000175476074,389168000.0,3,1,5,1,-0.032815734326980706,0.03540603937216206,0
14.848199844360352,14.859000205993652,15.010000228881836,14.034000396728516,14.473999977111816,405044000.0,4,1,6,1,0.04164036791972059,0.03682536632211892,0
15.616641998291016,15.628000259399414,16.055999755859375,15.140999794006348,15.284000396728516,504231000.0,0,1,9,2,0.051753149118038966,0.035622188663035396,0
15.897438049316406,15.909000396728516,15.961999893188477,15.472000122070312,15.506999969482422,384101000.0,1,1,10,2,0.017980556223762267,0.035927967465147155,0
15.98936939239502,16.000999450683594,16.027999877929688,15.562999725341797,15.84000015258789,353285000.0,2,1,11,2,0.0057828305777147815,0.03509498810699892,0
16.498998641967773,16.51099967956543,16.636999130249023,15.491999626159668,16.100000381469727,551409000.0,3,1,12,2,0.03187302333542963,0.03516082103451651,0
16.886716842651367,16.89900016784668,16.922000885009766,16.165000915527344,16.277999877929688,447287000.0,4,1,13,2,0.02349951522084104,0.03539939103834656,0
17.689132690429688,17.70199966430664,17.72800064086914,16.89900016784668,16.89900016784668,511102000.0,1,1,17,3,0.04751757432299497,0.03576027444254517,0
17.36437225341797,17.37700080871582,17.87299919128418,17.281999588012695,17.66699981689453,439624000.0,2,1,18,3,-0.018359443099873696,0.035618840330134724,0
16.752811431884766,16.764999389648438,17.19700050354004,16.731000900268555,17.035999298095703,452932000.0,3,1,19,3,-0.0352190476253198,0.036319459104454985,0
17.82603645324707,17.839000701904297,17.856000900268555,16.825000762939453,17.01099967956543,564967000.0,4,1,20,3,0.06406211460520561,0.03870025845128373,0
19.17905044555664,19.19300079345703,19.2450008392334,17.81800079345703,18.06399917602539,655163000.0,0,1,23,4,0.07590111767909713,0.04156943447252482,0
19.250995635986328,19.264999389648438,19.4950008392334,18.81999969482422,18.82699966430664,496204000.0,1,1,24,4,0.0037512943893562856,0.03725100443582441,0
19.3089542388916,19.322999954223633,19.3700008392334,18.579999923706055,18.913000106811523,449537000.0,2,1,25,4,0.003010670460044773,0.036998644978097045,0
19.7876033782959,19.802000045776367,20.166000366210938,19.277999877929688,19.701000213623047,489535000.0,3,1,26,4,0.024789116218366214,0.031311655296196596,0
20.350196838378906,20.364999771118164,20.628000259399414,19.405000686645508,19.461999893188477,542142000.0,4,1,27,4,0.028431457632577928,0.0308940740176925,0
19.148073196411133,19.16200065612793,20.139999389648438,19.149999618530273,19.950000762939453,488611000.0,0,1,30,5,-0.059071894353583065,0.035036057347699524,0
19.522804260253906,19.53700065612793,19.687000274658203,18.950000762939453,19.170000076293945,498017000.0,1,1,31,5,0.019569981586451846,0.03490676280588234,0
20.927776336669922,20.94300079345703,21.191999435424805,19.611000061035156,19.69099998474121,660477000.0,2,2,1,5,0.07196601781799594,0.03603741134043249,0
21.693220138549805,21.708999633789062,21.948999404907227,20.700000762939453,21.0,564276000.0,3,2,2,5,0.036575409984768825,0.03616031449709722,0
21.08466339111328,21.100000381469727,21.7450008392334,20.788999557495117,21.0,429366000.0,4,2,3,5,-0.02805284732565272,0.035807219316510756,0
21.073673248291016,21.089000701904297,21.56999969482422,20.785999298095703,20.805999755859375,452197000.0,0,2,6,6,-0.0005213118183206022,0.03573007299759293,0
22.156883239746094,22.17300033569336,22.259000778198242,21.149999618530273,21.381999969482422,664150000.0,1,2,7,6,0.05140118534356053,0.03571279184708346,0
22.188861846923828,22.204999923706055,22.878000259399414,22.007999420166016,22.386999130249023,559651000.0,2,2,8,6,0.0014431780782135917,0.035910123632613124,0
22.32076644897461,22.336999893188477,23.020000457763672,22.1200008392334,22.606000900268555,523876000.0,3,2,9,6,0.005944605716548423,0.03590738310674523,0
21.249544143676758,21.264999389648438,22.077999114990234,20.81100082397461,21.690000534057617,550737000.0,4,2,10,6,-0.04799214346895975,0.038559108211440096,0
21.77216339111328,21.788000106811523,22.04800033569336,20.961999893188477,21.538000106811523,474919000.0,0,2,13,7,0.02459443838111164,0.0385749279106324,0
22.954303741455078,22.97100067138672,23.048999786376953,21.365999221801758,21.577999114990234,675474000.0,1,2,14,7,0.05429596836679651,0.03891790940896724,0
22.747455596923828,22.763999938964844,22.854999542236328,22.106000900268555,22.548999786376953,420575000.0,2,2,15,7,-0.009011393773529441,0.038565558953765997,0
21.98600959777832,22.00200080871582,22.549999237060547,21.927000045776367,22.132999420166016,412026000.0,3,2,16,7,-0.03347386805008379,0.03844943471610438,0
21.372453689575195,21.38800048828125,21.739999771118164,20.975000381469727,21.631000518798828,465888000.0,4,2,17,7,-0.027906567487777867,0.037686987409054365,0
20.63998794555664,20.655000686645508,21.493999481201172,20.618000030517578,21.0,410015000.0,1,2,21,8,-0.03427154408554278,0.03550240635182871,0
20.73891830444336,20.753999710083008,21.104000091552734,20.42099952697754,20.707000732421875,513184000.0,2,2,22,8,0.0047929808833899745,0.03550236389617812,1
23.646799087524414,23.663999557495117,23.88800048828125,23.024999618530273,23.440000534057617,1117995000.0,3,2,23,8,0.14021392926965937,0.046718975928300335,1
23.269075393676758,23.285999298095703,23.474000930786133,22.94700050354004,23.225000381469727,589716000.0,4,2,24,8,-0.015973642092115825,0.046982695208662544,1
23.483919143676758,23.500999450683594,23.8799991607666,23.45400047302246,23.670000076293945,452994000.0,0,2,27,9,0.009233022376904154,0.04676357905462558,0
23.199125289916992,23.215999603271484,23.825000762939453,23.20599937438965,23.371999740600586,455963000.0,1,2,28,9,-0.01212713731644377,0.04432443557930731,0
22.681501388549805,22.697999954223633,23.256000518798828,22.507999420166016,23.191999435424805,460026000.0,2,3,1,9,-0.02231218374826549,0.04486122349579936,0
23.297054290771484,23.31399917602539,23.3799991607666,22.43199920654297,22.488000869750977,389415000.0,3,3,2,9,0.027138920743857486,0.042582279787835756,0
23.872636795043945,23.889999389648438,23.899999618530273,23.1299991607666,23.31999969482422,412393000.0,4,3,3,9,0.024706195160861366,0.04221780593348085,0
23.536880493164062,23.554000854492188,24.24799919128418,23.48699951171875,23.891000747680664,437429000.0,0,3,6,10,-0.014064401161175355,0.041744044623468056,0
23.275026321411133,23.288000106811523,24.125,23.240999221801758,23.600000381469727,515154000.0,1,3,7,10,-0.011293229941015892,0.04190594006575747,0
24.167530059814453,24.180999755859375,24.200000762939453,23.423999786376953,23.48699951171875,513573000.0,2,3,8,10,0.038345913987979374,0.04125430184910942,0
23.422945022583008,23.43600082397461,24.45400047302246,23.382999420166016,24.174999237060547,501257000.0,3,3,9,10,-0.030809269236448444,0.042028459112427384,0
22.95220375061035,22.96500015258789,23.62700080871582,22.72599983215332,23.409000396728516,474866000.0,4,3,10,10,-0.0200973141673938,0.04235095466841499,0
22.953203201293945,22.965999603271484,23.29800033569336,22.297000885009766,22.75200080871582,421890000.0,0,3,13,11,4.352060426526805e-05,0.04068398505136535,0
24.049592971801758,24.062999725341797,24.2189998626709,23.459999084472656,23.496000289916992,474910000.0,1,3,14,11,0.047766269312050635,0.04160287965044924,0
24.214502334594727,24.22800064086914,24.285999298095703,23.360000610351562,23.76099967956543,524486000.0,2,3,15,11,0.00685703849938446,0.04001191585871579,0
25.526771545410156,25.541000366210938,25.58799934387207,23.893999099731445,24.027000427246094,583253000.0,3,3,16,11,0.05419348235970234,0.04145120244745599,0
25.710670471191406,25.725000381469727,26.39900016784668,25.667999267578125,25.98200035095215,848547000.0,4,3,17,11,0.007204103700738651,0.040367899294729746,0
25.885570526123047,25.899999618530273,26.02400016784668,25.1299991607666,25.614999771118164,432747000.0,0,3,20,12,0.006802691330049626,0.03945236436200635,0
26.184402465820312,26.198999404907227,26.392000198364258,25.381000518798828,26.18000030517578,547408000.0,1,3,21,12,0.01154439346643965,0.03803160903074811,0
26.453250885009766,26.468000411987305,27.589000701904297,26.23699951171875,26.424999237060547,797295000.0,2,3,22,12,0.01026760613726685,0.037992079420122095,0
27.175851821899414,27.19099998474121,27.499000549316406,26.690000534057617,27.114999771118164,564889000.0,3,3,23,12,0.027315987664351837,0.023821910942304663,0
26.764081954956055,26.77899932861328,27.16699981689453,26.354999542236328,27.0310001373291,454920000.0,4,3,24,12,-0.01515209651572702,0.0237804532800303,0
26.516220092773438,26.5310001373291,27.0,26.364999771118164,26.836999893188477,361026000.0,0,3,27,13,-0.009260958120238416,0.02405838223633139,0
26.395288467407227,26.40999984741211,26.51300048828125,25.850000381469727,26.44700050354004,356104000.0,1,3,28,13,-0.004560713478220735,0.023810693391651795,0
26.968965530395508,26.983999252319336,27.077999114990234,26.597000122070312,26.825000762939453,393694000.0,2,3,29,13,0.02173416918680804,0.02300634637397327,0
27.36774444580078,27.382999420166016,27.499000549316406,27.101999282836914,27.229000091552734,364516000.0,3,3,30,13,0.014786546801893508,0.022655026695155237,0
27.761526107788086,27.777000427246094,27.833999633789062,27.104999542236328,27.139999389648438,433933000.0,4,3,31,13,0.01438852629087517,0.022377948581274135,0
27.949419021606445,27.96500015258789,28.0,27.336000442504883,27.509000778198242,398716000.0,0,4,3,14,0.0067681795172307435,0.021783584248061975,0
27.437705993652344,27.452999114990234,28.0,27.30699920654297,27.965999603271484,368592000.0,1,4,4,14,-0.018308637039298414,0.022177796532649858,0
26.866025924682617,26.881000518798828,26.99799919128418,26.395000457763672,26.82900047302246,515015000.0,2,4,5,14,-0.02083555948825555,0.021931596112713798,0
27.021940231323242,27.03700065612793,27.079999923706055,26.427000045776367,26.583999633789062,397654000.0,3,4,6,14,0.005803360526703827,0.02019801402201978,0
27.56363296508789,27.57900047302246,27.621000289916992,26.66900062561035,26.822999954223633,395279000.0,0,4,10,15,0.020046595544675805,0.01930020631294263,0
27.15386390686035,27.16900062561035,27.790000915527344,27.125999450683594,27.724000930786133,314378000.0,1,4,11,15,-0.014866378055041096,0.019956230499159122,0
26.480239868164062,26.4950008392334,27.468000411987305,26.447999954223633,27.3700008392334,446259000.0,2,4,12,15,-0.024807676795502775,0.01904162818692724,0
26.448257446289062,26.46299934387207,26.886999130249023,26.32900047302246,26.733999252319336,353615000.0,3,4,13,15,-0.0012078314530166168,0.019085487685572545,0
26.743093490600586,26.757999420166016,26.882999420166016,26.219999313354492,26.503999710083008,395660000.0,4,4,14,15,0.011147643260712048,0.015236644078994303,0
26.986955642700195,27.00200080871582,27.006000518798828,26.433000564575195,26.565000534057617,321471000.0,0,4,17,16,0.009118820309335751,0.015274119626725995,0
27.651588439941406,27.66699981689453,28.110000610351562,27.35700035095215,27.533000946044922,604812000.0,1,4,18,16,0.0246277678787441,0.016037164796960827,0
27.915437698364258,27.930999755859375,28.0,27.23200035095215,27.361000061035156,358660000.0,2,4,19,16,0.009542051567283938,0.015990006256393366,0
27.08890151977539,27.104000091552734,28.030000686645508,27.0,27.67099952697754,427713000.0,3,4,20,16,-0.029608666769371683,0.017494413393713444,0
27.10388946533203,27.118999481201172,27.183000564575195,26.722000122070312,26.95199966430664,345103000.0,4,4,21,16,0.0005534013281349726,0.016391181219366655,0
27.02693748474121,27.04199981689453,27.365999221801758,26.67099952697754,27.01300048828125,339282000.0,0,4,24,17,-0.0028393254094796205,0.016019320151101267,0
26.226377487182617,26.240999221801758,27.246999740600586,26.225000381469727,27.077999114990234,378527000.0,1,4,25,17,-0.02962061239983982,0.017277191349378083,0
26.94097900390625,26.95599937438965,27.329999923706055,26.704999923706055,27.00200080871582,406337000.0,2,4,26,17,0.0272474438394803,0.018307960848228683,0
27.210832595825195,27.22599983215332,27.4950008392334,26.625,27.363000869750977,377161000.0,3,4,27,17,0.010016340110921451,0.017796023580031923,0
27.73354148864746,27.749000549316406,27.757999420166016,27.070999145507812,27.225000381469727,292216000.0,4,4,28,17,0.01920960553835882,0.01800785358050109,0
28.893892288208008,28.90999984741211,29.058000564575195,27.780000686645508,27.84000015258789,570329000.0,0,5,1,18,0.041839319438995215,0.020029246871638706,0
28.19428062438965,28.209999084472656,28.836000442504883,28.08300018310547,28.68000030517578,402730000.0,1,5,2,18,-0.02421310157848766,0.020838345210511252,0
27.786510467529297,27.802000045776367,28.367000579833984,27.472000122070312,27.84000015258789,383387000.0,2,5,3,18,-0.014462922791119825,0.020671346568035206,0
27.54664421081543,27.562000274658203,27.858999252319336,27.239999771118164,27.650999069213867,321850000.0,3,5,4,18,-0.0086324642372132,0.02017211810974755,0
28.66402244567871,28.68000030517578,28.7549991607666,27.731000900268555,27.826000213623047,361494000.0,4,5,5,18,0.040563094818104384,0.021983503093726667,0
29.13475799560547,29.150999069213867,29.219999313354492,28.350000381469727,28.52199935913086,344979000.0,0,5,8,19,0.016422550872605246,0.02185172452028989,0
28.555082321166992,28.570999145507812,28.972999572753906,28.450000762939453,28.89900016784668,314869000.0,1,5,9,19,-0.019896399513750773,0.022095780298239838,0
28.868907928466797,28.885000228881836,29.113000869750977,28.461000442504883,29.0049991607666,369350000.0,2,5,10,19,0.010990203099823903,0.021176763659836995,0
28.562076568603516,28.577999114990234,28.950000762939453,28.246000289916992,28.895999908447266,322149000.0,3,5,11,19,-0.010628392295619071,0.02141476786260739,0
28.3242130279541,28.34000015258789,28.780000686645508,28.04599952697754,28.52899932861328,274222000.0,4,5,12,19,-0.008328048490893303,0.021518487482466188,0
28.936866760253906,28.952999114990234,28.9689998626709,28.152000427246094,28.507999420166016,293926000.0,0,5,15,20,0.02163016792878758,0.02188161843672072,0
29.19672393798828,29.21299934387207,29.8700008392334,28.832000732421875,28.840999603271484,449405000.0,1,5,16,20,0.008980079329578672,0.021368458370245265,0
30.16118621826172,30.17799949645996,30.198999404907227,29.43000030517578,29.583999633789062,432535000.0,2,5,17,20,0.0330332445918573,0.022372583707523,0
31.66035270690918,31.67799949645996,31.827999114990234,30.31999969482422,30.40999984741211,748725000.0,3,5,18,20,0.04970508400253504,0.023098310313302017,0
31.246580123901367,31.263999938964844,31.579999923706055,30.916000366210938,31.535999298095703,473908000.0,4,5,19,20,-0.013068993120647687,0.0235287245768954,0
31.158632278442383,31.176000595092773,31.520000457763672,30.68000030517578,30.900999069213867,372000000.0,0,5,22,21,-0.0028147180157327423,0.023528161741607993,0
30.6709041595459,30.687999725341797,31.288000106811523,30.631000518798828,31.0,356253000.0,1,5,23,21,-0.0156530940606856,0.022558833212778368,0
30.520986557006836,30.538000106811523,30.60700035095215,29.805999755859375,30.209999084472656,721419000.0,2,5,24,21,-0.004887891679900003,0.022265560934124358,1
37.958839416503906,37.97999954223633,39.47999954223633,36.6349983215332,38.52299880981445,1543911000.0,3,5,25,21,0.24369635894280006,0.05755700485040422,1
38.92430114746094,38.94599914550781,39.16999816894531,37.54999923706055,37.88999938964844,714397000.0,4,5,26,21,0.025434429039348228,0.05757972458243754,1
40.088653564453125,40.111000061035156,41.9379997253418,39.94900131225586,40.595001220703125,923401000.0,1,5,30,22,0.029913237330867704,0.057386569087827154,1
37.81291961669922,37.83399963378906,40.29499816894531,37.821998596191406,39.487998962402344,1002580000.0,2,5,31,22,-0.05676748083521432,0.059080306455412394,1
39.74784469604492,39.77000045776367,40.04999923706055,38.34000015258789,38.48899841308594,635873000.0,3,6,1,22,0.05117092675143953,0.05910671448561371,1
39.305091857910156,39.32699966430664,40.5,39.05799865722656,40.09700012207031,482731000.0,4,6,2,22,-0.011139069357756326,0.059172223731324844,1
39.1491813659668,39.17100143432617,39.564998626708984,38.707000732421875,38.909000396728516,396094000.0,0,6,5,23,-0.003966695433469725,0.059172474051914434,1
38.63246536254883,38.65399932861328,39.15999984741211,38.14799880981445,38.83000183105469,388729000.0,1,6,6,23,-0.013198593009670523,0.05956214558760156,1
37.45799255371094,37.474998474121094,39.499000549316406,37.35599899291992,38.915000915527344,511998000.0,2,6,7,23,-0.030501393774781893,0.05994181086458,1
38.492530822753906,38.5099983215332,38.86399841308594,37.505001068115234,37.7239990234375,417772000.0,3,6,8,23,0.027618409327670568,0.05999593360511344,1
38.75240707397461,38.77000045776367,39.71099853515625,38.56700134277344,39.0369987487793,427717000.0,4,6,9,23,0.0067515488850355965,0.059714977790304644,1
39.464088439941406,39.481998443603516,39.529998779296875,38.61800003051758,39.20000076293945,388701000.0,0,6,12,24,0.018364662817466293,0.059419475058675536,1
41.00339126586914,41.02199935913086,41.10100173950195,39.7400016784668,40.18600082397461,613208000.0,1,6,13,24,0.0390051409815817,0.05959878046822233,1
42.97749328613281,42.99700164794922,43.0,40.551998138427734,40.82400131225586,740465000.0,2,6,14,24,0.04814495440673228,0.05989203107807966,1
42.63365173339844,42.65299987792969,43.28900146484375,42.14699935913086,42.60200119018555,568622000.0,3,6,15,24,-0.008000599037955025,0.0601618634319676,1
42.672630310058594,42.69200134277344,43.72100067138672,42.6609992980957,43.45000076293945,655709000.0,4,6,16,24,0.0009143897253502953,0.059839197458799426,1
43.78812026977539,43.80799865722656,43.9900016784668,42.67399978637695,42.99800109863281,451153000.0,1,6,20,25,0.026140665214844372,0.05945879902395702,1
43.02547073364258,43.04499816894531,43.6150016784668,42.08000183105469,43.500999450683594,551603000.0,2,6,21,25,-0.01741692183318644,0.059822985602941525,1
43.00547790527344,43.025001525878906,43.42599868774414,42.23400115966797,42.25299835205078,417737000.0,3,6,22,25,-0.00046455207148399236,0.059471587609910774,1
42.189849853515625,42.20899963378906,42.808998107910156,42.01499938964844,42.4640007019043,358140000.0,4,6,23,25,-0.018965760909945173,0.05984561181797587,0
40.613563537597656,40.63199996948242,42.763999938964844,40.099998474121094,42.46099853515625,594322000.0,0,6,26,26,-0.03736169248238297,0.029139441320567346,0
41.856998443603516,41.875999450683594,41.939998626708984,40.448001861572266,40.79899978637695,462175000.0,1,6,27,26,0.030616250298668657,0.029364247918868946,0
41.09834671020508,41.117000579833984,41.845001220703125,40.518001556396484,40.65999984741211,582639000.0,2,6,28,26,-0.018124913573548618,0.029100256569914648,0
40.8034782409668,40.821998596191406,41.599998474121094,40.599998474121094,41.55799865722656,380514000.0,3,6,29,26,-0.0071746960985102914,0.025785421172339014,0
42.282806396484375,42.301998138427734,42.54999923706055,41.500999450683594,41.68000030517578,501148000.0,4,6,30,26,0.03625495059358541,0.024538508908725578,0
42.39375686645508,42.41299819946289,42.89799880981445,42.20199966430664,42.516998291015625,198209000.0,0,7,3,27,0.002623990967800749,0.024301906003083747,0
42.29780578613281,42.31700134277344,43.176998138427734,42.084999084472656,42.1349983215332,323618000.0,2,7,5,27,-0.0022633829430778185,0.02427525517955974,0
42.083900451660156,42.10300064086914,42.17900085449219,41.34600067138672,41.84400177001953,303582000.0,3,7,6,27,-0.005057085689292196,0.02403614095951872,0
42.48371505737305,42.50299835205078,43.2140007019043,42.18000030517578,42.321998596191406,355881000.0,4,7,7,27,0.009500456145478786,0.02258605636982998,0
42.16086196899414,42.18000030517578,42.81100082397461,41.64899826049805,42.65700149536133,353908000.0,0,7,10,28,-0.007599417909287642,0.0222274781920229,0
42.38576126098633,42.404998779296875,42.757999420166016,42.06700134277344,42.48099899291992,298244000.0,1,7,11,28,0.005334245436064755,0.022223168932765203,0
43.882080078125,43.902000427246094,43.935001373291016,42.777000427246094,43.03300094604492,481277000.0,2,7,12,28,0.035302480628300215,0.023076717136201935,0
45.95614242553711,45.97700119018555,46.154998779296875,44.492000579833984,44.518001556396484,478204000.0,3,7,13,28,0.047264378450775135,0.023770013586096733,0
45.4483757019043,45.46900177001953,48.0880012512207,45.060001373291016,46.58300018310547,772075000.0,4,7,14,28,-0.011048989864838266,0.02185185203677119,0
46.439918518066406,46.46099853515625,46.49599838256836,45.262001037597656,46.28900146484375,510488000.0,0,7,17,29,0.021816990180567375,0.022076141059635748,0
47.47244644165039,47.49399948120117,47.895999908447266,45.73400115966797,46.70100021362305,569164000.0,1,7,18,29,0.02223372244708144,0.022405409919088976,0
47.055641174316406,47.07699966430664,47.81800079345703,46.742000579833984,47.4640007019043,427502000.0,2,7,19,29,-0.008780052668750038,0.022077113936326137,0
45.49934768676758,45.52000045776367,47.08700180053711,45.0620002746582,46.50699996948242,537865000.0,3,7,20,29,-0.03307345875152434,0.02312312395331681,0
44.28889846801758,44.308998107910156,45.86600112915039,44.099998474121094,45.78799819946289,963769000.0,4,7,21,29,-0.026603742040318346,0.02405237192747119,0
44.59176254272461,44.61199951171875,45.10900115966797,44.040000915527344,44.73099899291992,382516000.0,0,7,24,30,0.00683837181492275,0.023570213413890307,0
45.65827560424805,45.67900085449219,46.18299865722656,44.92300033569336,44.941001892089844,348081000.0,1,7,25,30,0.023917362020349664,0.021971246970711514,0
45.431373596191406,45.45199966430664,46.053001403808594,44.630001068115234,46.020999908447266,364237000.0,2,7,26,30,-0.004969486765015851,0.021312299065512786,0
45.87917709350586,45.900001525878906,47.39500045776367,45.75,46.51900100708008,455976000.0,3,7,27,30,0.00985659299659103,0.020670118759257144,0
46.72879409790039,46.75,47.027000427246094,46.38100051879883,46.667999267578125,331194000.0,4,7,28,30,0.018518484659349133,0.020624987667599886,0
46.70779800415039,46.729000091552734,47.130001068115234,46.50600051879883,46.75400161743164,251055000.0,0,7,31,31,-0.00044919590261527365,0.019486749381261624,0
46.485897064208984,46.50699996948242,46.900001525878906,46.027000427246094,46.459999084472656,237858000.0,1,8,1,31,-0.00475079975251691,0.019606829538188444,0
44.24892044067383,44.26900100708008,45.84000015258789,43.387001037597656,45.83100128173828,530142000.0,2,8,2,31,-0.04812176583892536,0.022883851389532122,0
44.49480438232422,44.51499938964844,45.11800003051758,43.79999923706055,43.79999923706055,324176000.0,3,8,3,31,0.00555689934202519,0.02282220487756902,0
44.65972900390625,44.68000030517578,45.641998291015625,44.393001556396484,44.98500061035156,362666000.0,4,8,4,31,0.0037066363650386513,0.022772563345902035,0
45.39639663696289,45.41699981689453,45.540000915527344,44.5629997253418,45.111000061035156,322154000.0,0,8,7,32,0.0164950650556146,0.022833625493298235,0
44.643741607666016,44.66400146484375,45.242000579833984,44.055999755859375,44.85300064086914,353843000.0,1,8,8,32,-0.01657965860991717,0.02328513219394836,0
42.53469467163086,42.55400085449219,44.3120002746582,42.13399887084961,44.27399826049805,586449000.0,2,8,9,32,-0.04724163848177376,0.024514393315340586,0
42.368770599365234,42.38800048828125,43.57400131225586,41.834999084472656,42.15999984741211,492705000.0,3,8,10,32,-0.0039009344098702714,0.021689825996749068,0
40.83646011352539,40.85499954223633,42.018001556396484,40.638999938964844,41.750999450683594,533085000.0,4,8,11,32,-0.03616591791039403,0.022827186579274857,0
43.733150482177734,43.75299835205078,43.79999923706055,40.31100082397461,40.486000061035156,690286000.0,0,8,14,33,0.07093376189659417,0.027942632636832766,0
43.920066833496094,43.939998626708984,45.268001556396484,43.709999084472656,44.560001373291016,676512000.0,1,8,15,33,0.004273999078955315,0.02738458358210765,0
43.466270446777344,43.486000061035156,44.67499923706055,43.40599822998047,44.52000045776367,527451000.0,2,8,16,33,-0.01033223895910329,0.027402448289790785,0
43.32433319091797,43.34400177001953,44.0620002746582,43.000999450683594,43.970001220703125,452395000.0,3,8,17,33,-0.0032653794512330636,0.026511431126497842,0
43.279354095458984,43.29899978637695,43.577999114990234,41.65999984741211,42.6349983215332,583768000.0,4,8,18,33,-0.0010382517027697213,0.02587724345368688,0
46.94569396972656,46.96699905395508,47.064998626708984,44.22200012207031,44.49399948120117,692573000.0,0,8,21,34,0.08471325632635462,0.032183309176282926,0
45.64727783203125,45.667999267578125,48.1870002746582,45.33300018310547,48.1349983215332,755293000.0,1,8,22,34,-0.027657713129269346,0.03248875795496926,0
47.094627380371094,47.11600112915039,47.20000076293945,45.20800018310547,45.86600112915039,779046000.0,2,8,23,34,0.031707144713919444,0.033192512183316744,0
47.1416015625,47.16299819946289,50.26599884033203,47.159000396728516,50.215999603271484,1156044000.0,3,8,24,34,0.0009974757871253903,0.033145622542984705,0
45.99711990356445,46.018001556396484,47.80500030517578,45.02399826049805,47.012001037597656,925341000.0,4,8,25,34,-0.02427743542138605,0.03339473018710852,0
46.813751220703125,46.834999084472656,46.97999954223633,44.88800048828125,46.481998443603516,685192000.0,0,8,28,35,0.017753868061282763,0.03363676418317407,0
48.76186752319336,48.784000396728516,49.08100128173828,46.39099884033203,46.66600036621094,701397000.0,1,8,29,35,0.0416142062635807,0.03482249409819534,0
49.24164962768555,49.263999938964844,49.926998138427734,48.42499923706055,49.04399871826172,735206000.0,2,8,30,35,0.009839282107510838,0.03269450723765861,0
49.332611083984375,49.35499954223633,49.74399948120117,48.95800018310547,49.380001068115234,528570000.0,3,8,31,35,0.0018471825954902155,0.032706818002119185,0
48.486995697021484,48.50899887084961,49.79999923706055,48.141998291015625,49.762001037597656,463830000.0,4,9,1,35,-0.017141134216053233,0.03310254549669479,0
48.52597427368164,48.54800033569336,48.85100173950195,47.86000061035156,48.222999572753906,382653000.0,1,9,5,36,0.0008040047362674052,0.032992264267718,0
47.043521881103516,47.06100082397461,48.54899978637695,46.58000183105469,48.441001892089844,468670000.0,2,9,6,36,-0.030629469832673673,0.0335941179144399,0
46.22382736206055,46.24100112915039,46.34400177001953,45.152000427246094,45.525001525878906,433330000.0,3,9,7,36,-0.017424187341261943,0.03185720699552583,0
45.555076599121094,45.571998596191406,46.60599899291992,45.270999908447266,45.94200134277344,473069000.0,4,9,8,36,-0.014467734621282813,0.03209293192825935,0
45.161224365234375,45.178001403808594,46.16299819946289,44.3120002746582,46.14799880981445,473966000.0,0,9,11,37,-0.008645598273491983,0.030840996209315477,0
44.853336334228516,44.869998931884766,45.67300033569336,44.53099822998047,44.737998962402344,349256000.0,1,9,12,37,-0.006817532036684226,0.026790595595382008,0
45.46811294555664,45.48500061035156,45.93000030517578,44.50299835205078,44.599998474121094,398355000.0,2,9,13,37,0.01370630026981745,0.026922975911829062,0
45.56407928466797,45.58100128173828,45.98699951171875,45.13100051879883,45.95000076293945,370097000.0,3,9,14,37,0.002110600639738669,0.026764737900402142,0
43.883697509765625,43.900001525878906,45.5989990234375,43.80799865722656,45.340999603271484,506831000.0,4,9,15,37,-0.036879395111771185,0.02817633295857154,0
43.949668884277344,43.965999603271484,44.242000579833984,42.0,42.74800109863281,500271000.0,0,9,18,38,0.0015033730090801,0.028172360257259187,0
43.50383758544922,43.52000045776367,43.965999603271484,43.00199890136719,43.83300018310547,373064000.0,1,9,19,38,-0.010144182994411555,0.02022445293488327,0
42.22331619262695,42.23899841308594,43.90299987792969,42.222999572753906,43.599998474121094,367108000.0,2,9,20,38,-0.029434789319934707,0.020339242084124357,0
41.001766204833984,41.016998291015625,42.099998474121094,40.97999954223633,41.58300018310547,450736000.0,3,9,21,38,-0.028930613129589,0.019275311365744972,0
41.594547271728516,41.61000061035156,42.1150016784668,41.23099899291992,41.571998596191406,479236000.0,4,9,22,38,0.014457477242205474,0.019787519861182854,0
42.206321716308594,42.22200012207031,42.5359992980957,41.176998138427734,41.590999603271484,419091000.0,0,9,25,39,0.014707990933470416,0.01981844146477248,0
41.89543533325195,41.9109992980957,42.81999969482422,41.654998779296875,42.000999450683594,402282000.0,1,9,26,39,-0.007365847735196329,0.01914451702315399,0
42.45222854614258,42.46799850463867,42.87200164794922,41.62900161743164,42.33000183105469,444935000.0,2,9,27,39,0.013290048337460503,0.0163266304175951,0
43.072998046875,43.0890007019043,43.44599914550781,42.1150016784668,42.459999084472656,424663000.0,3,9,28,39,0.01462282704935558,0.016615404254638443,0
43.482845306396484,43.499000549316406,44.14400100708008,43.30699920654297,43.82699966430664,397830000.0,4,9,29,39,0.009515185795292425,0.016905105555506925,0
44.7653694152832,44.78200149536133,45.17499923706055,43.861000061035156,44.029998779296875,433298000.0,0,10,2,40,0.029494952294141452,0.01845569275669121,0
43.50083541870117,43.516998291015625,45.130001068115234,43.24599838256836,44.80799865722656,470850000.0,1,10,3,40,-0.028248027379409013,0.019200353081826722,0
44.02465057373047,44.04100036621094,44.143001556396484,43.29199981689453,43.742000579833984,361821000.0,2,10,4,40,0.012041319387221971,0.01859643296585283,0
44.67140579223633,44.6879997253418,44.900001525878906,43.88800048828125,44.04999923706055,393483000.0,3,10,5,40,0.014690841573781643,0.018684918654074092,0
45.7450065612793,45.762001037597656,45.78900146484375,44.0260009765625,44.19300079345703,434436000.0,4,10,6,40,0.024033327042087604,0.01925742776462767,0
45.256187438964844,45.27299880981445,45.60499954223633,44.36800003051758,44.84199905395508,409675000.0,0,10,9,41,-0.010685770217553237,0.0193131067790664,0
45.78099060058594,45.79800033569336,46.25899887084961,45.0880012512207,45.310001373291016,368582000.0,1,10,10,41,0.011596349693652197,0.01939551177189699,0
46.78861999511719,46.805999755859375,46.85900115966797,46.04999923706055,46.19599914550781,378137000.0,2,10,11,41,0.022009681924483937,0.019762606380888594,0
46.92756652832031,46.94499969482422,47.60900115966797,46.33000183105469,46.777000427246094,481325000.0,3,10,12,41,0.002969703450195871,0.019764664075800107,0
45.444114685058594,45.46099853515625,47.11600112915039,45.279998779296875,46.959999084472656,474115000.0,4,10,13,41,-0.031611485127596706,0.019252467731037646,0
46.07788848876953,46.095001220703125,46.224998474121094,44.9119987487793,45.0629997253418,375099000.0,0,10,16,42,0.013946079188220661,0.019438248930469353,0
43.92168426513672,43.9379997253418,44.75400161743164,42.47999954223633,44.0,812333000.0,1,10,17,42,-0.04679469439719919,0.022225511436989285,0
42.18033218383789,42.19599914550781,43.21900177001953,41.82500076293945,42.590999603271484,627294000.0,2,10,18,42,-0.03964678844561198,0.02305639355496655,0
42.08536911010742,42.10100173950195,43.297000885009766,41.88199996948242,42.81100082397461,501233000.0,3,10,19,42,-0.0022513368075079976,0.022030993355529393,0
41.37163162231445,41.387001037597656,42.470001220703125,41.077999114990234,41.88999938964844,477266000.0,4,10,20,42,-0.01695923309193792,0.022180895204921214,0
42.95904541015625,42.974998474121094,43.24800109863281,40.94499969482422,41.229000091552734,478530000.0,0,10,23,43,0.03836947342671282,0.0235944621170623,0
43.646785736083984,43.66299819946289,43.696998596191406,42.691001892089844,43.07699966430664,401463000.0,1,10,24,43,0.01600930191437011,0.023728946016772588,0
41.763484954833984,41.77899932861328,43.650001525878906,41.55500030517578,43.39799880981445,398379000.0,2,10,25,43,-0.0431486372567238,0.025635026330040982,0
40.31102752685547,40.32600021362305,42.25600051879883,39.880001068115234,41.85300064086914,541001000.0,3,10,26,43,-0.03477821724646035,0.026467436005728158,0
40.484962463378906,40.5,41.20600128173828,40.01499938964844,41.130001068115234,416784000.0,4,10,27,43,0.004314828781808444,0.02636364116860731,0
41.145713806152344,41.1609992980957,41.76599884033203,40.48099899291992,41.08700180053711,388028000.0,0,10,30,44,0.01632097032335067,0.025658041228513957,0
40.76485824584961,40.779998779296875,40.87900161743164,39.22999954223633,40.45000076293945,517969000.0,1,10,31,44,-0.009256347642085938,0.02505347846935299,0
42.309288024902344,42.32500076293945,42.38100051879883,40.86899948120117,40.88399887084961,437593000.0,2,11,1,44,0.03788626851129151,0.026492187783212936,0
43.48984146118164,43.50600051879883,43.88399887084961,42.89400100708008,43.327999114990234,409172000.0,3,11,2,44,0.027903124266296153,0.027079319330800516,0
44.98828887939453,45.005001068115234,45.308998107910156,43.722999572753906,44.02000045776367,424610000.0,4,11,3,44,0.0344550299140618,0.027679772310288085,0
45.734012603759766,45.750999450683594,45.935001373291016,44.89899826049805,45.28499984741211,400733000.0,0,11,6,45,0.016575899674778016,0.027820983403410972,0
45.93793869018555,45.95500183105469,46.21799850463867,45.15800094604492,45.71900177001953,343165000.0,1,11,7,45,0.004458971013103108,0.02772209668272276,0
46.556705474853516,46.57400131225586,46.867000579833984,45.96799850463867,46.099998474121094,346719000.0,2,11,8,45,0.013469686792241031,0.027438292318642928,0
46.93256378173828,46.95000076293945,48.22999954223633,46.75,47.46699905395508,540496000.0,3,11,9,45,0.008073161851881672,0.02748995315470488,0
48.317047119140625,48.334999084472656,48.47200012207031,47.28300094604492,47.5,421245000.0,4,11,10,45,0.029499431289178313,0.027142533048349852,0
48.6019401550293,48.619998931884766,49.11600112915039,48.0989990234375,48.31999969482422,384136000.0,0,11,13,46,0.005896345356581678,0.027037748221701897,0
49.6375617980957,49.65599822998047,49.83399963378906,49.040000915527344,49.68000030517578,416954000.0,1,11,14,46,0.021308089692620324,0.024613674573526506,0
48.869842529296875,48.88800048828125,49.959999084472656,48.20000076293945,49.935001373291016,475497000.0,2,11,15,46,-0.015466363965582874,0.022755235336935183,0
49.461631774902344,49.47999954223633,49.525001525878906,48.33000183105469,48.67900085449219,339756000.0,3,11,16,46,0.012109291606168027,0.022653232947682483,0
49.27969741821289,49.29800033569336,49.71699905395508,49.00699996948242,49.52399826049805,325205000.0,4,11,17,46,-0.0036782378380503244,0.022059080632567587,0
50.390281677246094,50.409000396728516,50.54800033569336,49.180999755859375,49.3120002746582,414120000.0,0,11,20,47,0.02253641229806136,0.021218291342204387,0
49.925453186035156,49.944000244140625,50.516998291015625,49.22200012207031,50.125999450683594,565747000.0,1,11,21,47,-0.00922454619072488,0.021479645297420434,0
48.697906494140625,48.715999603271484,50.334999084472656,47.689998626708984,49.85200119018555,899420000.0,2,11,22,47,-0.024587550754171072,0.019511362990198865,0
47.75825881958008,47.7760009765625,48.92100143432617,47.744998931884766,48.470001220703125,294645000.0,4,11,24,47,-0.019295480629855755,0.017976058801199932,0
48.22408676147461,48.242000579833984,48.529998779296875,47.652000427246094,47.79999923706055,395662000.0,0,11,27,48,0.009753842802793233,0.017947904302552817,0
47.80323791503906,47.82099914550781,48.323001861572266,47.472999572753906,48.236000061035156,401491000.0,1,11,28,48,-0.008726865164504716,0.018276433641305153,0
48.122127532958984,48.13999938964844,48.762001037597656,47.86000061035156,48.37900161743164,382005000.0,2,11,29,48,0.006670714745419248,0.01784123568225315,0
46.75263214111328,46.77000045776367,48.11000061035156,46.422000885009766,48.02399826049805,526247000.0,3,11,30,48,-0.028458640408278835,0.01824922577176539,0
46.74763488769531,46.76499938964844,47.20000076293945,46.1870002746582,46.525001525878906,369317000.0,4,12,1,48,-0.00010692897298025805,0.017470449980476557,0
45.493099212646484,45.5099983215332,46.07699966430664,45.0099983215332,46.07699966430664,437543000.0,0,12,4,49,-0.0268363323959121,0.0171765087239763,0
46.552799224853516,46.566001892089844,46.599998474121094,45.270999908447266,45.465999603271484,371718000.0,1,12,5,49,0.023203770808688295,0.01755864601820927,0
45.4901008605957,45.50299835205078,47.387001037597656,45.4119987487793,47.21500015258789,380590000.0,2,12,6,49,-0.022827889379518185,0.018321721369364326,0
46.582794189453125,46.59600067138672,46.62900161743164,45.604000091552734,45.70000076293945,350823000.0,3,12,7,49,0.02402044610070564,0.01888338714103459,0
47.49253463745117,47.50600051879883,47.74100112915039,46.54999923706055,46.595001220703125,359224000.0,4,12,8,49,0.019529569797841262,0.019304082395062316,0
46.61378479003906,46.62699890136719,47.53099822998047,45.83000183105469,47.49100112915039,509728000.0,0,12,11,50,-0.01850295979102279,0.01851140641748311,0
47.64349365234375,47.65700149536133,47.66600036621094,46.04600143432617,46.04600143432617,372387000.0,1,12,12,50,0.022090261399258404,0.019199505036525462,0
48.07437515258789,48.0880012512207,48.59400177001953,47.608001708984375,47.62900161743164,447792000.0,2,12,13,50,0.009043786691055766,0.018643201835752875,0
48.33629608154297,48.349998474121094,48.66999816894531,47.422000885009766,48.38999938964844,391232000.0,3,12,14,50,0.0054482868092535774,0.018399874371542398,0
48.87614059448242,48.88999938964844,49.40399932861328,48.119998931884766,48.194000244140625,479948000.0,4,12,15,50,0.011168581852518011,0.018367409301601165,0
50.06280517578125,50.07699966430664,50.43299865722656,49.150001525878906,49.400001525878906,412587000.0,0,12,18,51,0.024278999580219507,0.019154879238130453,0
49.58993911743164,49.604000091552734,49.70000076293945,48.89500045776367,49.42399978637695,464444000.0,1,12,19,51,-0.009445445532373697,0.01858521811572267,0
48.09735870361328,48.111000061035156,49.999000549316406,48.097999572753906,49.654998779296875,397894000.0,2,12,20,51,-0.030098379722643065,0.019648360092484586,0
48.97611618041992,48.9900016784668,49.095001220703125,48.41899871826172,48.81100082397461,300425000.0,3,12,21,51,0.018270283642337848,0.019353846985937957,0
48.816162109375,48.83000183105469,49.382999420166016,48.46699905395508,49.19499969482422,252507000.0,4,12,22,51,-0.003265969420908066,0.01881718937880776,0
49.26502990722656,49.27899932861328,49.599998474121094,48.959999084472656,48.96799850463867,244200000.0,1,12,26,52,0.009195115312755187,0.01880432662587419,0
49.402992248535156,49.41699981689453,49.68000030517578,49.084999084472656,49.51100158691406,233648000.0,2,12,27,52,0.0028003914479066694,0.018659097225453385,0
49.507965087890625,49.52199935913086,49.88399887084961,49.4119987487793,49.643001556396484,246587000.0,3,12,28,52,0.002124765619632596,0.01862441149689972,0
49.507965087890625,49.52199935913086,49.99700164794922,48.750999450683594,49.8129997253418,389293000.0,4,12,29,52,0.0,0.017244521461222264,0
48.15434646606445,48.167999267578125,49.29499816894531,47.595001220703125,49.24399948120117,411254000.0,1,1,2,1,-0.02734138583003487,0.01853049246132865,0
47.555519104003906,47.569000244140625,48.183998107910156,47.31999969482422,47.48500061035156,320896000.0,2,1,3,1,-0.012435621834944843,0.017623214311594793,0
47.984397888183594,47.99800109863281,48.5,47.507999420166016,47.766998291015625,306535000.0,3,1,4,1,0.009018496337749538,0.01701526862541238,0
49.08308029174805,49.09700012207031,49.547000885009766,48.305999755859375,48.46200180053711,415039000.0,4,1,5,1,0.022896766496153242,0.016619998422588485,0
52.23818588256836,52.25299835205078,52.275001525878906,49.479000091552734,49.512001037597656,642510000.0,0,1,8,2,0.06428087708278873,0.02103259471539846,0
53.12493896484375,53.13999938964844,54.32500076293945,51.689998626708984,52.4010009765625,773100000.0,1,1,9,2,0.016975122300572076,0.020953416411180297,0
54.3345947265625,54.349998474121094,54.599998474121094,53.48899841308594,53.61600112915039,533796000.0,2,1,10,2,0.022770024433014235,0.020457877970369926,0
54.806461334228516,54.821998596191406,55.34600067138672,53.560001373291016,54.999000549316406,596759000.0,3,1,11,2,0.008684455111715561,0.020185892716339766,0
54.694488525390625,54.709999084472656,54.970001220703125,54.33000183105469,54.619998931884766,352994000.0,4,1,12,2,-0.0020429665934603713,0.0202851142926315,0
56.36602020263672,56.38199996948242,56.834999084472656,54.900001525878906,55.018001556396484,449580000.0,1,1,16,3,0.030561157247109172,0.020971520423384335,0
56.037113189697266,56.053001403808594,56.47100067138672,54.7400016784668,56.34700012207031,474394000.0,2,1,17,3,-0.0058351701935351885,0.02117654574653172,0
57.09081268310547,57.106998443603516,57.599998474121094,56.106998443603516,57.2599983215332,491650000.0,3,1,18,3,0.018803578994849524,0.02097680330076633,0
59.47414016723633,59.49100112915039,59.5,57.224998474121094,57.98899841308594,543501000.0,4,1,19,3,0.04174624390215875,0.02198950083325222,0
59.6370964050293,59.65399932861328,60.33100128173828,59.06999969482422,60.04899978637695,452955000.0,0,1,22,4,0.0027398799208140368,0.02002691912864874,0
59.85603332519531,59.87300109863281,59.90999984741211,58.584999084472656,59.56999969482422,294654000.0,1,1,23,4,0.0036712001288148333,0.02001393088038842,0
61.344608306884766,61.36199951171875,62.8489990234375,59.9379997253418,60.30400085449219,560271000.0,2,1,24,4,0.024869279738174654,0.020001417414142283,0
61.59953308105469,61.617000579833984,62.71900177001953,60.849998474121094,62.349998474121094,482777000.0,3,1,25,4,0.004155683813180433,0.02006592923070912,0
61.013702392578125,61.03099822998047,61.78300094604492,60.573001861572266,60.959999084472656,390309000.0,4,1,26,4,-0.009510400446939404,0.020527834372697718,0
62.447296142578125,62.46500015258789,62.48899841308594,60.90700149536133,61.231998443603516,348733000.0,0,1,29,5,0.023496288184632563,0.020608205526256702,0
62.756202697753906,62.77399826049805,63.49300003051758,62.2599983215332,62.900001525878906,410735000.0,1,1,30,5,0.004946739888823215,0.02048751157595063,0
61.50956344604492,61.527000427246094,62.26900100708008,60.70000076293945,61.439998626708984,453795000.0,2,1,31,5,-0.019864878258625374,0.019785725143693055,0
63.00913619995117,63.027000427246094,63.191001892089844,61.650001525878906,62.099998474121094,369146000.0,3,2,1,5,0.02437954052016078,0.019042699327025254,0
66.14125061035156,66.16000366210938,66.5999984741211,63.689998626708984,63.9739990234375,476578000.0,4,2,2,5,0.049708905923260494,0.02055794829572188,0
69.3123550415039,69.33200073242188,69.49700164794922,67.20500183105469,68.2249984741211,680078000.0,0,2,5,6,0.04794433033154655,0.021707196457079164,0
68.20366668701172,68.2229995727539,69.75399780273438,66.30000305175781,69.62999725341797,683111000.0,1,2,6,6,-0.015995516470785565,0.01997898508599146,0
70.0791244506836,70.0989990234375,70.22000122070312,67.5999984741211,68.31900024414062,495575000.0,2,2,7,6,0.027498049960160476,0.02020949575936798,0
69.62125396728516,69.64099884033203,70.79399871826172,69.45500183105469,70.0739974975586,414422000.0,3,2,8,6,-0.006533619445155514,0.020608916187313364,0
72.11255645751953,72.13300323486328,72.18499755859375,70.21199798583984,70.53299713134766,436637000.0,4,2,9,6,0.03578358202823506,0.02121493309230534,0
72.22752380371094,72.24800109863281,74.61100006103516,71.25,72.5999984741211,613710000.0,0,2,12,7,0.0015942475512229493,0.021085126906911632,0
72.10755157470703,72.12799835205078,73.44999694824219,69.62000274658203,70.4000015258789,602580000.0,1,2,13,7,-0.0016609836224839025,0.021000691346044875,0
73.87905883789062,73.9000015258789,74.23600006103516,71.93800354003906,73.2020034790039,504917000.0,2,2,14,7,0.024567480233946393,0.020694383065432618,0
72.63740539550781,72.65799713134766,73.9749984741211,72.4000015258789,73.86900329589844,420122000.0,3,2,15,7,-0.016806554382767014,0.021773703507738693,0
72.59241485595703,72.61299896240234,74.4020004272461,72.5009994506836,74.0999984741211,495327000.0,4,2,16,7,-0.000619314744720656,0.0208010185420508,0
69.43231201171875,69.4520034790039,71.95600128173828,67.73400115966797,71.9469985961914,704833000.0,1,2,20,8,-0.04353208831155897,0.024003375060735434,0
67.452880859375,67.47200012207031,68.88800048828125,66.24800109863281,68.00599670410156,690298000.0,2,2,21,8,-0.028508945138381314,0.025343248546924897,0
78.51573944091797,78.53800201416016,78.57499694824219,74.22000122070312,75.0250015258789,865100000.0,3,2,22,8,0.1640088017558281,0.04338554767444743,0
78.79464721679688,78.81700134277344,82.39399719238281,77.56999969482422,80.79000091552734,829388000.0,4,2,23,8,0.0035524118446885744,0.04339241427961294,0
79.06958770751953,79.09200286865234,80.64600372314453,78.50499725341797,79.69999694824219,503973000.0,0,2,26,9,0.0034891142925232987,0.043130547172124244,0
78.6786880493164,78.70099639892578,79.4800033569336,77.16200256347656,79.38099670410156,391705000.0,1,2,27,9,-0.004943691593901178,0.04326516842900181,0
77.6409912109375,77.66300201416016,78.93299865722656,77.125,77.62000274658203,393110000.0,2,2,28,9,-0.013189088223281908,0.043619318215319385,0
79.0895767211914,79.11199951171875,79.98999786376953,78.3499984741211,79.09400177001953,507289000.0,3,2,29,9,0.018657500482590184,0.0430056120764285,0
82.25567626953125,82.27899932861328,82.30000305175781,79.43499755859375,80.0,479135000.0,4,3,1,9,0.040031851507247085,0.04335559455597204,0
85.21282958984375,85.23699951171875,87.69499969482422,83.71900177001953,84.12999725341797,615616000.0,0,3,4,10,0.03595085267495213,0.042869837723268224,0
85.94366455078125,85.96399688720703,86.09700012207031,83.41699981689453,85.2699966430664,520639000.0,1,3,5,10,0.008529129129989377,0.04210534085333036,0
88.67901611328125,88.69999694824219,89.7239990234375,87.02999877929688,88.02200317382812,582520000.0,2,3,6,10,0.03182727839685073,0.04181300503770712,0
92.6470718383789,92.66899871826172,92.76699829101562,89.60199737548828,90.15799713134766,608119000.0,3,3,7,10,0.04474635745856337,0.042281643819663706,0
87.5073013305664,87.52799987792969,97.4000015258789,86.50599670410156,95.13800048828125,1142269000.0,4,3,8,10,-0.055477008616031664,0.04491840225598181,0
85.75370788574219,85.77400207519531,88.7969970703125,84.16600036621094,86.42900085449219,678364000.0,0,3,11,11,-0.020039276633540992,0.04512281763358434,1
91.8912582397461,91.91300201416016,91.95999908447266,86.1500015258789,88.04900360107422,668075000.0,1,3,12,11,0.07157180253269502,0.04713677074036055,1
90.86650085449219,90.88800048828125,91.50399780273438,88.43499755859375,91.05500030517578,635713000.0,2,3,13,11,-0.011151866476094341,0.04734061248223108,1
87.9231948852539,87.94400024414062,90.64600372314453,86.5999984741211,89.5770034790039,602318000.0,3,3,14,11,-0.03239151734359269,0.04828867374054761,1
87.81621551513672,87.83699798583984,89.5459976196289,86.25700378417969,86.93000030517578,642086000.0,4,3,15,11,-0.0012167090194183938,0.0479615470601937,1
88.43407440185547,88.45500183105469,92.40499877929688,87.08499908447266,90.38800048828125,668976000.0,0,3,18,12,0.007035803356058246,0.04789809885007852,1
89.37686157226562,89.39800262451172,90.54399871826172,85.01000213623047,86.69999694824219,672171000.0,1,3,19,12,0.010660796720779242,0.046155081235585614,0
90.35062408447266,90.37200164794922,90.41000366210938,88.2229995727539,89.7969970703125,479063000.0,2,3,20,12,0.010895087080731392,0.0450891235135324,0
91.41336822509766,91.43499755859375,92.64800262451172,90.40499877929688,92.30000305175781,480372000.0,3,3,21,12,0.011762447342767768,0.028531143032627042,0
94.2667007446289,94.28900146484375,94.77799987792969,90.83399963378906,91.14099884033203,586719000.0,4,3,22,12,0.031213473860718155,0.02897048460297851,0
94.97952270507812,95.00199890136719,96.76599884033203,93.51000213623047,93.94100189208984,552136000.0,0,3,25,13,0.007561830387919466,0.02894106249682003,0
92.53910064697266,92.56099700927734,96.375,92.50199890136719,95.85099792480469,513648000.0,1,3,26,13,-0.02569421612511691,0.029847703888249203,0
90.22864532470703,90.25,93.23999786376953,89.12300109863281,93.11199951171875,586067000.0,2,3,27,13,-0.024967287345075917,0.030410388234946593,0
90.33462524414062,90.35600280761719,91.30000305175781,89.19300079345703,90.0,435212000.0,3,3,28,13,0.0011745463447887516,0.030338356193633717,0
90.34162139892578,90.36299896240234,92.2249984741211,89.2040023803711,90.29900360107422,452441000.0,0,4,1,14,7.742877692429317e-05,0.029355342503635317,0
89.43083953857422,89.4520034790039,90.09400177001953,87.62000274658203,88.447998046875,433064000.0,1,4,2,14,-0.010081510063399746,0.028604432999606296,0
88.94295501708984,88.96399688720703,90.3740005493164,88.4000015258789,88.48400115966797,370067000.0,2,4,3,14,-0.005455513267642154,0.02862797802886742,0
85.88467407226562,85.90499877929688,90.63400268554688,85.87999725341797,90.40599822998047,434965000.0,3,4,4,14,-0.03438467486784014,0.02883731558210183,0
87.9871826171875,88.00800323486328,88.48100280761719,85.9260025024414,86.86599731445312,399678000.0,4,4,5,14,0.024480583033000824,0.02746077572587105,0
87.11238861083984,87.13300323486328,88.83000183105469,86.73200225830078,88.69999694824219,283220000.0,0,4,8,15,-0.009942277609286565,0.02454594110966002,0
85.33380126953125,85.35399627685547,87.63500213623047,83.02200317382812,87.44200134277344,503547000.0,1,4,9,15,-0.020417142666511512,0.02456236224842138,0
87.0184097290039,87.03900146484375,87.4000015258789,83.70899963378906,83.9260025024414,431929000.0,2,4,10,15,0.01974137429397893,0.01863718928571182,0
90.59455871582031,90.61599731445312,90.73899841308594,86.9260025024414,87.41999816894531,431637000.0,3,4,11,15,0.041096471574920024,0.020893966204446817,0
88.1651382446289,88.18599700927734,90.17500305175781,87.52999877929688,89.6989974975586,426805000.0,4,4,12,15,-0.026816460417505072,0.020471181503532426,0
85.98065185546875,86.0009994506836,90.61299896240234,85.92900085449219,89.0979995727539,443077000.0,0,4,15,16,-0.024777148670937943,0.02122911398497805,0
87.39432525634766,87.41500091552734,88.11799621582031,86.06400299072266,86.43299865722656,370453000.0,1,4,16,16,0.01644168642080257,0.021515073581049402,0
84.01512145996094,84.03500366210938,88.7750015258789,83.94999694824219,88.33999633789062,495400000.0,2,4,17,16,-0.03866610098973966,0.02296241172567305,0
84.65096282958984,84.6709976196289,86.19000244140625,82.4020004272461,84.97000122070312,447260000.0,3,4,18,16,0.007568202889319364,0.02286955402740522,0
76.18197631835938,76.19999694824219,84.3239974975586,75.60600280761719,83.1500015258789,875198000.0,4,4,19,16,-0.10004607137666377,0.031213462008414582,0
79.49919128417969,79.51799774169922,80.072998046875,76.4000015258789,78.10399627685547,596341000.0,0,4,22,17,0.043543319243316114,0.032148834486681356,0
82.40350341796875,82.4229965209961,82.76899719238281,80.26399993896484,80.76899719238281,438559000.0,1,4,23,17,0.036532594655278805,0.03350974221560039,0
79.65815734863281,79.677001953125,84.08200073242188,79.18299865722656,83.94999694824219,512208000.0,2,4,24,17,-0.0333158788660588,0.033781395714031714,0
82.61245727539062,82.63200378417969,83.322998046875,78.2229995727539,78.86799621582031,424641000.0,3,4,25,17,0.03708726180225952,0.03486795565418559,0
87.71424102783203,87.73500061035156,88.33100128173828,83.38700103759766,83.81800079345703,551011000.0,4,4,26,17,0.06175569503917644,0.03782924006725291,0
87.73624420166016,87.75700378417969,87.99199676513672,85.26599884033203,87.59500122070312,388971000.0,0,4,29,18,0.0002507912882550034,0.03782946647542474,0
86.38156127929688,86.4020004272461,88.81900024414062,86.30000305175781,87.23999786376953,363709000.0,1,4,30,18,-0.015440401318462804,0.03791776429979864,0
83.02135467529297,83.04100036621094,86.0,81.25499725341797,85.0770034790039,559863000.0,2,5,1,18,-0.03889956302418307,0.03884884751263883,0
85.79669952392578,85.81700134277344,86.23699951171875,83.19999694824219,84.4489974975586,377898000.0,3,5,2,18,0.03342928149131552,0.03889818328735809,0
88.76799774169922,88.78900146484375,89.28099822998047,87.04000091552734,87.78900146484375,398341000.0,4,5,3,18,0.034631833734197315,0.039289348465431084,0
92.11820220947266,92.13999938964844,92.22000122070312,89.05500030517578,89.38999938964844,376203000.0,0,5,6,19,0.0377411376355159,0.04001840406655693,0
90.53257751464844,90.55400085449219,91.78099822998047,89.01100158691406,91.0979995727539,437342000.0,1,5,7,19,-0.017212921051250052,0.039923611902327565,0
90.39061737060547,90.41200256347656,91.19400024414062,89.41999816894531,89.48300170898438,325721000.0,2,5,8,19,-0.0015681062092860465,0.03975788448710983,0
88.72601318359375,88.74700164794922,91.0719985961914,88.23100280761719,90.52899932861328,378013000.0,3,5,9,19,-0.018415706635392604,0.038949118915293894,0
89.85672760009766,89.87799835205078,91.4010009765625,89.22699737548828,90.30500030517578,335325000.0,4,5,10,19,0.012744055383280717,0.038534410368614685,0
90.37762451171875,90.39900207519531,90.99800109863281,88.52899932861328,90.47799682617188,289680000.0,0,5,13,20,0.005796788231795746,0.03803322946711746,0
91.33438873291016,91.35600280761719,91.6510009765625,88.93399810791016,89.5989990234375,296507000.0,1,5,14,20,0.010586408151119109,0.03794835980819034,0
94.60761260986328,94.62999725341797,94.86199951171875,91.5989990234375,92.47200012207031,417735000.0,2,5,15,20,0.035837759371930344,0.03730410704908003,0
94.33667755126953,94.35900115966797,95.81900024414062,94.10299682617188,94.91000366210938,323952000.0,3,5,16,20,-0.0028637440728680463,0.03736318768675619,0
92.45711517333984,92.47899627685547,94.73999786376953,91.80599975585938,94.36900329589844,359691000.0,4,5,17,20,-0.019923959131691982,0.02866506219828956,0
94.75758361816406,94.77999877929688,95.19999694824219,93.44000244140625,93.75,318764000.0,0,5,20,21,0.02488135247005574,0.027810640668730284,0
95.36344146728516,95.38600158691406,95.4000015258789,93.18000030517578,93.5989990234375,328946000.0,1,5,21,21,0.006393783661343022,0.02705694642068028,0
94.92754364013672,94.94999694824219,96.0199966430664,93.2490005493164,95.45899963378906,548648000.0,2,5,22,21,-0.004570949944626812,0.025482603057426133,0
103.77445220947266,103.79900360107422,106.31999969482422,101.5199966430664,102.02799987792969,835065000.0,3,5,23,21,0.0931964922300701,0.031176971862340332,0
106.44381713867188,106.46900177001953,106.4749984741211,103.0,104.4489974975586,429494000.0,4,5,24,21,0.02572277263090883,0.02911853208666054,0
113.87406158447266,113.9010009765625,114.93900299072266,109.88300323486328,110.24400329589844,652728000.0,1,5,28,22,0.0698043475846295,0.03189901918806057,0
114.79783630371094,114.82499694824219,115.49199676513672,110.9010009765625,113.05000305175781,557442000.0,2,5,29,22,0.008112272620587557,0.031197789670440648,0
110.4738540649414,110.5,115.81900024414062,109.66300201416016,114.6500015258789,487350000.0,3,5,30,22,-0.03766598792240072,0.03108711985470205,0
109.60707092285156,109.63300323486328,112.71700286865234,106.94000244140625,112.5199966430664,613263000.0,4,5,31,22,-0.007846124571373014,0.031157576329576993,0
114.9728012084961,115.0,115.0,112.00299835205078,113.62100219726562,438392000.0,0,6,3,23,0.048954207280440754,0.03184355156191529,0
116.40945434570312,116.43699645996094,116.5999984741211,114.04499816894531,115.71600341796875,403324000.0,1,6,4,23,0.012495621390964606,0.031327628118805385,0
122.4110336303711,122.44000244140625,122.4489974975586,117.46800231933594,118.37100219726562,528402000.0,2,6,5,23,0.05155582988186724,0.03169852865468584,0
120.96937561035156,120.99800109863281,125.58699798583984,118.31999969482422,124.0479965209961,664696000.0,3,6,6,23,-0.011777207726400563,0.032070602028113,0
120.85940551757812,120.88800048828125,121.69200134277344,118.02200317382812,119.7699966430664,412386000.0,4,6,7,23,-0.0009091109716919954,0.031336736119819644,0
121.76119232177734,121.79000091552734,123.0999984741211,117.01000213623047,120.37000274658203,314162700.0,0,6,10,24,0.0074614554265337585,0.031388077677799976,0
120.89132690429688,120.91000366210938,122.87000274658203,118.73999786376953,121.7699966430664,222551200.0,1,6,11,24,-0.007225529573879674,0.031738787188022095,0
125.18065643310547,125.19999694824219,126.87999725341797,122.56999969482422,123.05999755859375,299595000.0,2,6,12,24,0.03548087963111368,0.032038739490933596,0
129.58998107910156,129.61000061035156,129.8000030517578,127.16000366210938,129.38999938964844,260704500.0,3,6,13,24,0.035223672281178064,0.03201937458749828,0
131.85964965820312,131.8800048828125,132.83999633789062,128.32000732421875,129.9600067138672,309320400.0,4,6,14,24,0.017514113585149094,0.031699252622178764,0
130.95977783203125,130.97999572753906,133.72999572753906,129.5800018310547,132.99000549316406,288504400.0,0,6,17,25,-0.00682445497384665,0.031016672950390494,0
135.55906677246094,135.5800018310547,136.3300018310547,130.69000244140625,131.13999938964844,294335100.0,1,6,18,25,0.03511991337275977,0.031220072942568143,0
130.75979614257812,130.77999877929688,140.75999450683594,129.52000427246094,139.8000030517578,517768400.0,3,6,20,25,-0.03540347386732645,0.03339692896685449,0
126.55045318603516,126.56999969482422,130.6300048828125,124.30000305175781,127.12000274658203,655484700.0,4,6,21,25,-0.032191459885065554,0.03485013297894671,0
118.09175872802734,118.11000061035156,124.45999908447266,118.04000091552734,123.23999786376953,476060900.0,0,6,24,26,-0.06684047645469504,0.03432925622942268,0
126.07051849365234,126.08999633789062,126.5,119.31999969482422,121.19999694824219,425787500.0,1,6,25,26,0.06756409860554746,0.03671956786331172,0
126.38048553466797,126.4000015258789,128.1199951171875,122.5999984741211,126.12999725341797,362975900.0,2,6,26,26,0.0024586025615984664,0.033837524056576335,0
123.9708480834961,123.98999786376953,126.41000366210938,122.91999816894531,124.0999984741211,252571700.0,3,6,27,26,-0.019066484438419518,0.03428105510149846,0
123.52091979980469,123.54000091552734,127.70999908447266,122.75,124.58000183105469,315516700.0,4,6,28,26,-0.003629300395154522,0.032899652683981546,0
124.28080749511719,124.30000305175781,124.83999633789062,118.83000183105469,123.47000122070312,284885500.0,0,7,1,27,0.006151870896861533,0.032735709005178,0
122.65105438232422,122.66999816894531,123.41000366210938,121.02999877929688,121.12999725341797,218374000.0,1,7,2,27,-0.013113474197854802,0.03144632483141608,0
128.26019287109375,128.27999877929688,128.27999877929688,121.36000061035156,121.66000366210938,215749000.0,2,7,3,27,0.0457324585806651,0.032785214868293014,0
125.8105697631836,125.83000183105469,128.85000610351562,125.68000030517578,127.37999725341797,214176700.0,4,7,5,27,-0.019098822665701398,0.03131981892808196,0
128.18019104003906,128.1999969482422,130.77000427246094,127.04000091552734,127.48999786376953,237677300.0,0,7,8,28,0.01883489694587759,0.03136773567646705,0
131.35972595214844,131.3800048828125,133.82000732421875,128.64999389648438,130.35000610351562,285366600.0,1,7,9,28,0.024805054682287997,0.03170859495454039,0
134.88917541503906,134.91000366210938,135.10000610351562,132.4199981689453,134.02999877929688,248978600.0,2,7,10,28,0.026868615071566904,0.03209384736336389,0
127.38033294677734,127.4000015258789,136.14999389648438,127.05000305175781,135.75,374782700.0,3,7,11,28,-0.055666755113577326,0.03482575156074038,0
129.2200469970703,129.24000549316406,131.9199981689453,127.22000122070312,128.25999450683594,252680500.0,4,7,12,28,0.014442731124389985,0.03410963028164484,0
128.420166015625,128.44000244140625,131.38999938964844,127.18000030517578,130.55999755859375,208326200.0,0,7,15,29,-0.006190057395193516,0.033241788155316455,0
126.34048461914062,126.36000061035156,129.0399932861328,124.58000183105469,128.44000244140625,214769500.0,1,7,16,29,-0.01619434593209057,0.033165422552799445,0
117.97177124023438,117.98999786376953,121.8499984741211,116.72000122070312,121.3499984741211,390086200.0,2,7,17,29,-0.0662393376555298,0.03618081153991634,0
121.0712890625,121.08999633789062,122.4000015258789,116.55999755859375,121.8499984741211,320979500.0,3,7,18,29,0.026273400544513326,0.035721037733228045,0
117.91178894042969,117.93000030517578,121.5999984741211,117.37000274658203,120.3499984741211,217223800.0,4,7,19,29,-0.02609626004031884,0.03536328412219965,0
123.52091979980469,123.54000091552734,124.06999969482422,119.86000061035156,120.3499984741211,258068900.0,0,7,22,30,0.04757059777693695,0.03656043176822153,0
122.5710678100586,122.58999633789062,124.69000244140625,122.0999984741211,122.77999877929688,173911000.0,1,7,23,30,-0.007689854060194623,0.03315101795644775,0
114.23235321044922,114.25,119.94999694824219,113.44000244140625,119.16999816894531,327776900.0,2,7,24,30,-0.06803162237564131,0.03298478500557323,0
112.26265716552734,112.27999877929688,116.62999725341797,106.30000305175781,113.04000091552734,460067000.0,3,7,25,30,-0.01724289908711707,0.033063461430563504,0
113.04253387451172,113.05999755859375,116.19999694824219,111.58000183105469,116.19000244140625,293399100.0,4,7,26,30,0.006946907621811382,0.03300829403053423,0
111.57276153564453,111.58999633789062,116.27999877929688,111.30000305175781,113.69000244140625,248152100.0,0,7,29,31,-0.01300195694716244,0.03306806342589654,0
103.71398162841797,103.7300033569336,111.98999786376953,102.54000091552734,111.5199966430664,486833300.0,1,7,30,31,-0.07043635844522522,0.03606288529544275,1
117.00192260742188,117.0199966430664,118.33999633789062,110.87999725341797,112.9000015258789,473174200.0,2,7,31,31,0.12812101471164627,0.04719602712846767,1
109.1931381225586,109.20999908447266,120.16000366210938,106.80999755859375,117.52999877929688,523462300.0,3,8,1,31,-0.06674070913209607,0.047989290062856425,1
107.25342559814453,107.2699966430664,108.72000122070312,101.37000274658203,103.76000213623047,482027500.0,4,8,2,31,-0.01776396353511256,0.04797241247186423,1
100.43448638916016,100.44999694824219,103.41000366210938,90.69000244140625,92.05999755859375,552842400.0,0,8,5,32,-0.0635778867181035,0.04917256910042909,1
104.23390197753906,104.25,107.70999908447266,100.55000305175781,103.83999633789062,409012100.0,1,8,6,32,0.037829797582928704,0.049754423704518526,1
98.89472961425781,98.91000366210938,108.80000305175781,98.69000244140625,107.80999755859375,411440400.0,2,8,7,32,-0.05122298645458634,0.04974483607080963,1
104.95378875732422,104.97000122070312,105.5,97.5199966430664,102.0,391910000.0,3,8,8,32,0.061267792278074884,0.05146244643634932,1
104.73382568359375,104.75,106.5999984741211,103.43000030517578,105.63999938964844,290844200.0,4,8,9,32,-0.0020958485104765057,0.05120834630779968,1
109.00315856933594,109.0199966430664,111.06999969482422,106.26000213623047,106.31999969482422,325559900.0,0,8,12,33,0.04076369110325917,0.05241689862882648,1
116.12206268310547,116.13999938964844,116.2300033569336,111.58000183105469,112.44000244140625,312646700.0,1,8,13,33,0.06530914479747296,0.054769925160877496,1
118.061767578125,118.08000183105469,118.5999984741211,114.06999969482422,118.52999877929688,339246400.0,2,8,14,33,0.016703999066657094,0.052819205772820156,1
122.84103393554688,122.86000061035156,123.23999786376953,117.47000122070312,118.76000213623047,318086700.0,3,8,15,33,0.04048101884463007,0.05326578409892081,1
124.56076049804688,124.58000183105469,125.0,121.18000030517578,121.94000244140625,302589900.0,4,8,16,33,0.01399968429235221,0.05290381279090707,1
129.97991943359375,130.0,130.0,123.41999816894531,124.27999877929688,318333600.0,0,8,19,34,0.04350616543011032,0.052735413235911376,1
127.2303466796875,127.25,129.8800048828125,125.88999938964844,128.39999389648438,300087400.0,1,8,20,34,-0.02115384615384619,0.052975953326530933,1
128.48016357421875,128.5,129.35000610351562,126.66000366210938,127.31999969482422,257883600.0,2,8,21,34,0.00982318271119853,0.050258318597162635,1
123.72089385986328,123.73999786376953,130.75,123.0999984741211,130.02000427246094,376189100.0,3,8,22,34,-0.03704281818078181,0.050952777192630146,1
129.3500213623047,129.3699951171875,129.60000610351562,125.22000122070312,125.86000061035156,323230300.0,4,8,23,34,0.045498604740694004,0.05171065271444575,1
126.44046783447266,126.45999908447266,131.25999450683594,124.37000274658203,129.57000732421875,331964700.0,0,8,26,35,-0.02249359312473398,0.051956645417925294,1
128.2801971435547,128.3000030517578,129.1999969482422,123.87999725341797,125.05000305175781,303134600.0,1,8,27,35,0.014550086830667164,0.048611382871038784,0
125.59060668945312,125.61000061035156,128.3300018310547,122.63999938964844,128.1199951171875,448101100.0,2,8,28,35,-0.020966503331422914,0.040604922472284304,0
117.57183837890625,117.58999633789062,124.43000030517578,116.70999908447266,121.36000061035156,453023300.0,3,8,29,35,-0.06384845341526102,0.04034277520362985,0
119.35157012939453,119.37000274658203,121.75,117.22000122070312,119.52999877929688,333751600.0,4,8,30,35,0.015137396582415308,0.040057865786925294,0
107.98332214355469,108.0,116.20999908447266,107.29000091552734,116.01000213623047,477155100.0,1,9,3,36,-0.0952500836472302,0.04344153907116102,0
106.19359588623047,106.20999908447266,113.2699966430664,104.12000274658203,105.41000366210938,372470300.0,2,9,4,36,-0.016574082551179092,0.04294780452473174,0
107.19344329833984,107.20999908447266,109.6500015258789,104.76000213623047,104.98999786376953,306850700.0,3,9,5,36,0.009415309374070091,0.041107106371431716,0
102.81411743164062,102.83000183105469,108.1500015258789,100.94999694824219,108.04000091552734,413638100.0,4,9,6,36,-0.040854372640810266,0.040059745034676,0
106.45355987548828,106.47000122070312,106.55000305175781,103.69000244140625,104.87999725341797,273912000.0,0,9,9,37,0.03539822352263311,0.04083878514604193,0
108.08330535888672,108.0999984741211,109.4000015258789,104.94999694824219,107.80999755859375,268283700.0,1,9,10,37,0.015309450875642616,0.03994147341814436,0
116.8919448852539,116.91000366210938,117.19000244140625,107.41999816894531,109.38999938964844,441422400.0,2,9,11,37,0.08149866153881002,0.04146241023337182,0
119.13179016113281,119.13999938964844,120.79000091552734,115.37999725341797,116.83999633789062,367100500.0,3,9,12,37,0.019074464611122055,0.041512549563776924,0
119.09178924560547,119.0999984741211,119.95999908447266,117.5999984741211,119.08000183105469,238358300.0,4,9,13,37,-0.0003357471523608435,0.04047400758317961,0
116.7719497680664,116.77999877929688,118.18000030517578,114.36000061035156,116.79000091552734,248772300.0,0,9,16,38,-0.019479426738433836,0.04052349814936303,0
115.58203125,115.58999633789062,118.80000305175781,114.83000183105469,118.16999816894531,231925900.0,1,9,17,38,-0.010190122057247453,0.03907202634642424,0
113.36219024658203,113.37000274658203,117.69999694824219,113.22000122070312,115.88999938964844,310318900.0,2,9,18,38,-0.019205758816871588,0.039032370196208366,0
117.86187744140625,117.87000274658203,119.66000366210938,117.25,117.3499984741211,293506400.0,3,9,19,38,0.03969303952526948,0.04018491660662289,0
115.99200439453125,116.0,118.62000274658203,115.38999938964844,117.05999755859375,382462400.0,4,9,20,38,-0.015864958878490043,0.03952912268342697,0
116.25199127197266,116.26000213623047,116.98999786376953,114.86000061035156,116.55000305175781,206228500.0,0,9,23,39,0.0022413977261246387,0.0379166330074123,0
120.8616714477539,120.87000274658203,121.80000305175781,115.37999725341797,116.5199966430664,354966800.0,1,9,24,39,0.03965250753177929,0.03890973176932648,0
123.50149536132812,123.51000213623047,124.94000244140625,121.61000061035156,122.0199966430664,284692900.0,2,9,25,39,0.021841642505655345,0.03910201414408466,0
124.03145599365234,124.04000091552734,127.66999816894531,121.80000305175781,126.80000305175781,302582900.0,3,9,26,39,0.004291140556473172,0.03883580410479391,0
121.39163970947266,121.4000015258789,124.02999877929688,119.26000213623047,123.97000122070312,271009200.0,4,9,27,39,-0.02128345187167735,0.036225640914295525,0
121.43163299560547,121.44000244140625,121.5,118.1500015258789,118.30999755859375,226553700.0,0,9,30,40,0.00032949682886806997,0.03609896188755058,0
